[
  {
    "maskFrame" : null,
    "id" : "ABAEC7F5-3691-4F02-97E9-F60D320518D7",
    "visible" : true,
    "children" : [

    ],
    "image" : {
      "path" : "images\/Layer-background-ABAEC7F5-3691-4F02-97E9-F60D320518D7.png",
      "frame" : {
        "y" : 0,
        "x" : 0,
        "width" : 750,
        "height" : 1334
      }
    },
    "imageType" : "png",
    "layerFrame" : {
      "y" : 0,
      "x" : 0,
      "width" : 750,
      "height" : 1334
    },
    "name" : "background"
  },
  {
    "maskFrame" : null,
    "id" : "FFD808E8-20EF-46C2-8F25-A36A08CC9FFE",
    "visible" : true,
    "children" : [
      {
        "maskFrame" : null,
        "id" : "378E72F7-F257-4188-BECC-F0FA22DC767C",
        "visible" : true,
        "children" : [

        ],
        "image" : {
          "path" : "images\/Layer-icons-378E72F7-F257-4188-BECC-F0FA22DC767C.png",
          "frame" : {
            "y" : 1279,
            "x" : 339,
            "width" : 72,
            "height" : 20
          }
        },
        "imageType" : "png",
        "layerFrame" : {
          "y" : 1279,
          "x" : 339,
          "width" : 72,
          "height" : 20
        },
        "name" : "icons"
      }
    ],
    "image" : {
      "path" : "images\/Layer-bottombar-FFD808E8-20EF-46C2-8F25-A36A08CC9FFE.png",
      "frame" : {
        "y" : 1246,
        "x" : 0,
        "width" : 750,
        "height" : 88
      }
    },
    "imageType" : "png",
    "layerFrame" : {
      "y" : 1246,
      "x" : 0,
      "width" : 750,
      "height" : 88
    },
    "name" : "bottombar"
  },
  {
    "maskFrame" : null,
    "id" : "40CC3DCD-9D44-4E91-BEF8-FEB547141BFF",
    "visible" : true,
    "children" : [

    ],
    "image" : {
      "path" : "images\/Layer-statusBar-40CC3DCD-9D44-4E91-BEF8-FEB547141BFF.png",
      "frame" : {
        "y" : 11,
        "x" : 13,
        "width" : 726,
        "height" : 20
      }
    },
    "imageType" : "png",
    "layerFrame" : {
      "y" : 11,
      "x" : 13,
      "width" : 726,
      "height" : 20
    },
    "name" : "statusBar"
  },
  {
    "maskFrame" : {
      "y" : 300,
      "x" : 285,
      "width" : 180,
      "height" : 200
    },
    "id" : "20E55275-997D-4E6D-BEB3-1CFE392627D3",
    "visible" : true,
    "children" : [

    ],
    "image" : {
      "path" : "images\/Layer-temperature-20E55275-997D-4E6D-BEB3-1CFE392627D3.png",
      "frame" : {
        "y" : 300,
        "x" : 285,
        "width" : 180,
        "height" : 200
      }
    },
    "imageType" : "png",
    "layerFrame" : {
      "y" : 300,
      "x" : 285,
      "width" : 180,
      "height" : 200
    },
    "name" : "temperature"
  },
  {
    "maskFrame" : {
      "y" : 160,
      "x" : 205,
      "width" : 340,
      "height" : 150
    },
    "id" : "D837845B-3A5E-4AD5-89EC-7BFEB3337041",
    "visible" : true,
    "children" : [
      {
        "maskFrame" : null,
        "id" : "515C1213-0498-4459-B933-904F2B903CC7",
        "visible" : true,
        "children" : [

        ],
        "image" : {
          "path" : "images\/Layer-Amsterdam__Partly_Cloudy-515C1213-0498-4459-B933-904F2B903CC7.png",
          "frame" : {
            "y" : 180,
            "x" : 214,
            "width" : 318,
            "height" : 116
          }
        },
        "imageType" : "png",
        "layerFrame" : {
          "y" : 180,
          "x" : 214,
          "width" : 318,
          "height" : 116
        },
        "name" : "Amsterdam__Partly_Cloudy"
      }
    ],
    "image" : {
      "path" : "images\/Layer-amsterdam-D837845B-3A5E-4AD5-89EC-7BFEB3337041.png",
      "frame" : {
        "y" : 160,
        "x" : 205,
        "width" : 340,
        "height" : 150
      }
    },
    "imageType" : "png",
    "layerFrame" : {
      "y" : 160,
      "x" : 205,
      "width" : 340,
      "height" : 150
    },
    "name" : "amsterdam"
  },
  {
    "maskFrame" : {
      "y" : 230,
      "x" : 0,
      "width" : 750,
      "height" : 1016
    },
    "id" : "5DB69ED8-151E-46BF-873E-476561C2EEFA",
    "visible" : true,
    "children" : [
      {
        "maskFrame" : {
          "y" : 590,
          "x" : 0,
          "width" : 750,
          "height" : 1010
        },
        "id" : "6690A664-006B-4899-B112-78D78324124D",
        "visible" : true,
        "children" : [
          {
            "maskFrame" : {
              "y" : 650,
              "x" : 0,
              "width" : 750,
              "height" : 190
            },
            "id" : "FC8BE230-6438-4525-B5C3-EF2CFB38BBBE",
            "visible" : true,
            "children" : [
              {
                "maskFrame" : null,
                "id" : "6F43BE43-8697-427A-9C5A-8BF414B131EE",
                "visible" : true,
                "children" : [

                ],
                "image" : {
                  "path" : "images\/Layer-lines-6F43BE43-8697-427A-9C5A-8BF414B131EE.png",
                  "frame" : {
                    "y" : 650,
                    "x" : -200,
                    "width" : 1800,
                    "height" : 190
                  }
                },
                "imageType" : "png",
                "layerFrame" : {
                  "y" : 650,
                  "x" : -200,
                  "width" : 1800,
                  "height" : 190
                },
                "name" : "lines"
              },
              {
                "maskFrame" : {
                  "y" : 650,
                  "x" : 0,
                  "width" : 1600,
                  "height" : 190
                },
                "id" : "3A436BA1-C914-45FA-9C87-0C58C272C395",
                "visible" : true,
                "children" : [
                  {
                    "maskFrame" : null,
                    "id" : "72456750-3155-46D0-B6B4-7B964656093E",
                    "visible" : true,
                    "children" : [
                      {
                        "maskFrame" : null,
                        "id" : "75D6902F-2B3F-44DE-8A84-95A8B0A70522",
                        "visible" : true,
                        "children" : [

                        ],
                        "image" : {
                          "path" : "images\/Layer-icon-75D6902F-2B3F-44DE-8A84-95A8B0A70522.png",
                          "frame" : {
                            "y" : 729,
                            "x" : 1529,
                            "width" : 36,
                            "height" : 39
                          }
                        },
                        "imageType" : "png",
                        "layerFrame" : {
                          "y" : 729,
                          "x" : 1529,
                          "width" : 36,
                          "height" : 39
                        },
                        "name" : "icon"
                      }
                    ],
                    "image" : {
                      "path" : "images\/Layer-unit-72456750-3155-46D0-B6B4-7B964656093E.png",
                      "frame" : {
                        "y" : 662,
                        "x" : 1514,
                        "width" : 64,
                        "height" : 169
                      }
                    },
                    "imageType" : "png",
                    "layerFrame" : {
                      "y" : 662,
                      "x" : 1514,
                      "width" : 64,
                      "height" : 169
                    },
                    "name" : "unit"
                  },
                  {
                    "maskFrame" : null,
                    "id" : "7ABDA277-6DBA-40E6-A9AB-40ABB843C6F5",
                    "visible" : true,
                    "children" : [
                      {
                        "maskFrame" : null,
                        "id" : "E69C761A-6DA4-4B36-801B-867FC0D945C6",
                        "visible" : true,
                        "children" : [

                        ],
                        "image" : {
                          "path" : "images\/Layer-icon-E69C761A-6DA4-4B36-801B-867FC0D945C6.png",
                          "frame" : {
                            "y" : 729,
                            "x" : 1407,
                            "width" : 36,
                            "height" : 39
                          }
                        },
                        "imageType" : "png",
                        "layerFrame" : {
                          "y" : 729,
                          "x" : 1407,
                          "width" : 36,
                          "height" : 39
                        },
                        "name" : "icon"
                      }
                    ],
                    "image" : {
                      "path" : "images\/Layer-unit-7ABDA277-6DBA-40E6-A9AB-40ABB843C6F5.png",
                      "frame" : {
                        "y" : 662,
                        "x" : 1392,
                        "width" : 64,
                        "height" : 169
                      }
                    },
                    "imageType" : "png",
                    "layerFrame" : {
                      "y" : 662,
                      "x" : 1392,
                      "width" : 64,
                      "height" : 169
                    },
                    "name" : "unit"
                  },
                  {
                    "maskFrame" : null,
                    "id" : "DF94AE98-BF37-4540-8DCF-574B6E2CD2E1",
                    "visible" : true,
                    "children" : [
                      {
                        "maskFrame" : null,
                        "id" : "780B0BB0-71F6-4101-A860-5D2B9E44F855",
                        "visible" : true,
                        "children" : [

                        ],
                        "image" : {
                          "path" : "images\/Layer-icon-780B0BB0-71F6-4101-A860-5D2B9E44F855.png",
                          "frame" : {
                            "y" : 729,
                            "x" : 1293,
                            "width" : 36,
                            "height" : 39
                          }
                        },
                        "imageType" : "png",
                        "layerFrame" : {
                          "y" : 729,
                          "x" : 1293,
                          "width" : 36,
                          "height" : 39
                        },
                        "name" : "icon"
                      }
                    ],
                    "image" : {
                      "path" : "images\/Layer-unit-DF94AE98-BF37-4540-8DCF-574B6E2CD2E1.png",
                      "frame" : {
                        "y" : 662,
                        "x" : 1278,
                        "width" : 64,
                        "height" : 169
                      }
                    },
                    "imageType" : "png",
                    "layerFrame" : {
                      "y" : 662,
                      "x" : 1278,
                      "width" : 64,
                      "height" : 169
                    },
                    "name" : "unit"
                  },
                  {
                    "maskFrame" : null,
                    "id" : "CA0098AB-7B92-4407-84BB-18890CF1308A",
                    "visible" : true,
                    "children" : [
                      {
                        "maskFrame" : null,
                        "id" : "E0544F34-64D9-4A28-8E85-EB6B5B8BF830",
                        "visible" : true,
                        "children" : [

                        ],
                        "image" : {
                          "path" : "images\/Layer-icon-E0544F34-64D9-4A28-8E85-EB6B5B8BF830.png",
                          "frame" : {
                            "y" : 729,
                            "x" : 1179,
                            "width" : 36,
                            "height" : 39
                          }
                        },
                        "imageType" : "png",
                        "layerFrame" : {
                          "y" : 729,
                          "x" : 1179,
                          "width" : 36,
                          "height" : 39
                        },
                        "name" : "icon"
                      }
                    ],
                    "image" : {
                      "path" : "images\/Layer-unit-CA0098AB-7B92-4407-84BB-18890CF1308A.png",
                      "frame" : {
                        "y" : 662,
                        "x" : 1164,
                        "width" : 64,
                        "height" : 169
                      }
                    },
                    "imageType" : "png",
                    "layerFrame" : {
                      "y" : 662,
                      "x" : 1164,
                      "width" : 64,
                      "height" : 169
                    },
                    "name" : "unit"
                  },
                  {
                    "maskFrame" : null,
                    "id" : "71A5C4B4-1925-445E-A64E-27085DA6AAA1",
                    "visible" : true,
                    "children" : [
                      {
                        "maskFrame" : null,
                        "id" : "EAD8F555-97D9-4E2D-BFC7-F0B4AC43FC0F",
                        "visible" : true,
                        "children" : [

                        ],
                        "image" : {
                          "path" : "images\/Layer-icon-EAD8F555-97D9-4E2D-BFC7-F0B4AC43FC0F.png",
                          "frame" : {
                            "y" : 729,
                            "x" : 1065,
                            "width" : 36,
                            "height" : 25
                          }
                        },
                        "imageType" : "png",
                        "layerFrame" : {
                          "y" : 729,
                          "x" : 1065,
                          "width" : 36,
                          "height" : 25
                        },
                        "name" : "icon"
                      }
                    ],
                    "image" : {
                      "path" : "images\/Layer-unit-71A5C4B4-1925-445E-A64E-27085DA6AAA1.png",
                      "frame" : {
                        "y" : 662,
                        "x" : 1059,
                        "width" : 47,
                        "height" : 169
                      }
                    },
                    "imageType" : "png",
                    "layerFrame" : {
                      "y" : 662,
                      "x" : 1059,
                      "width" : 47,
                      "height" : 169
                    },
                    "name" : "unit"
                  },
                  {
                    "maskFrame" : null,
                    "id" : "371121F7-9472-451D-80B9-C9117A9678B6",
                    "visible" : true,
                    "children" : [
                      {
                        "maskFrame" : null,
                        "id" : "3087CA0B-3B59-490D-B3DE-7B5C3CA72621",
                        "visible" : true,
                        "children" : [

                        ],
                        "image" : {
                          "path" : "images\/Layer-icon-3087CA0B-3B59-490D-B3DE-7B5C3CA72621.png",
                          "frame" : {
                            "y" : 729,
                            "x" : 951,
                            "width" : 36,
                            "height" : 25
                          }
                        },
                        "imageType" : "png",
                        "layerFrame" : {
                          "y" : 729,
                          "x" : 951,
                          "width" : 36,
                          "height" : 25
                        },
                        "name" : "icon"
                      }
                    ],
                    "image" : {
                      "path" : "images\/Layer-unit-371121F7-9472-451D-80B9-C9117A9678B6.png",
                      "frame" : {
                        "y" : 662,
                        "x" : 947,
                        "width" : 45,
                        "height" : 169
                      }
                    },
                    "imageType" : "png",
                    "layerFrame" : {
                      "y" : 662,
                      "x" : 947,
                      "width" : 45,
                      "height" : 169
                    },
                    "name" : "unit"
                  },
                  {
                    "maskFrame" : null,
                    "id" : "40EA509B-48DB-4CE8-B7B7-8CFD83B09483",
                    "visible" : true,
                    "children" : [
                      {
                        "maskFrame" : null,
                        "id" : "2BCC281D-CE31-469A-BC5F-E95CFE657423",
                        "visible" : true,
                        "children" : [

                        ],
                        "image" : {
                          "path" : "images\/Layer-icon-2BCC281D-CE31-469A-BC5F-E95CFE657423.png",
                          "frame" : {
                            "y" : 729,
                            "x" : 837,
                            "width" : 36,
                            "height" : 39
                          }
                        },
                        "imageType" : "png",
                        "layerFrame" : {
                          "y" : 729,
                          "x" : 837,
                          "width" : 36,
                          "height" : 39
                        },
                        "name" : "icon"
                      }
                    ],
                    "image" : {
                      "path" : "images\/Layer-unit-40EA509B-48DB-4CE8-B7B7-8CFD83B09483.png",
                      "frame" : {
                        "y" : 662,
                        "x" : 822,
                        "width" : 64,
                        "height" : 169
                      }
                    },
                    "imageType" : "png",
                    "layerFrame" : {
                      "y" : 662,
                      "x" : 822,
                      "width" : 64,
                      "height" : 169
                    },
                    "name" : "unit"
                  },
                  {
                    "maskFrame" : null,
                    "id" : "2BA04221-DD85-4F39-A131-480F0412EA5F",
                    "visible" : true,
                    "children" : [
                      {
                        "maskFrame" : null,
                        "id" : "31AF55B9-DBAD-480B-A53D-AD61A5205D34",
                        "visible" : true,
                        "children" : [

                        ],
                        "image" : {
                          "path" : "images\/Layer-icon-31AF55B9-DBAD-480B-A53D-AD61A5205D34.png",
                          "frame" : {
                            "y" : 729,
                            "x" : 723,
                            "width" : 36,
                            "height" : 39
                          }
                        },
                        "imageType" : "png",
                        "layerFrame" : {
                          "y" : 729,
                          "x" : 723,
                          "width" : 36,
                          "height" : 39
                        },
                        "name" : "icon"
                      }
                    ],
                    "image" : {
                      "path" : "images\/Layer-unit-2BA04221-DD85-4F39-A131-480F0412EA5F.png",
                      "frame" : {
                        "y" : 662,
                        "x" : 708,
                        "width" : 64,
                        "height" : 169
                      }
                    },
                    "imageType" : "png",
                    "layerFrame" : {
                      "y" : 662,
                      "x" : 708,
                      "width" : 64,
                      "height" : 169
                    },
                    "name" : "unit"
                  },
                  {
                    "maskFrame" : null,
                    "id" : "752CE09E-0B42-4EE6-9BD5-C0C61DA24A92",
                    "visible" : true,
                    "children" : [
                      {
                        "maskFrame" : null,
                        "id" : "395EE40F-152F-497A-8F1D-57A009545F35",
                        "visible" : true,
                        "children" : [

                        ],
                        "image" : {
                          "path" : "images\/Layer-icon-395EE40F-152F-497A-8F1D-57A009545F35.png",
                          "frame" : {
                            "y" : 729,
                            "x" : 609,
                            "width" : 36,
                            "height" : 39
                          }
                        },
                        "imageType" : "png",
                        "layerFrame" : {
                          "y" : 729,
                          "x" : 609,
                          "width" : 36,
                          "height" : 39
                        },
                        "name" : "icon"
                      }
                    ],
                    "image" : {
                      "path" : "images\/Layer-unit-752CE09E-0B42-4EE6-9BD5-C0C61DA24A92.png",
                      "frame" : {
                        "y" : 662,
                        "x" : 594,
                        "width" : 64,
                        "height" : 169
                      }
                    },
                    "imageType" : "png",
                    "layerFrame" : {
                      "y" : 662,
                      "x" : 594,
                      "width" : 64,
                      "height" : 169
                    },
                    "name" : "unit"
                  },
                  {
                    "maskFrame" : null,
                    "id" : "E270C627-DD4F-4521-BFF7-AE9424A113C6",
                    "visible" : true,
                    "children" : [
                      {
                        "maskFrame" : null,
                        "id" : "D0BB5304-EC3E-4A46-8D71-D9C78A2086F0",
                        "visible" : true,
                        "children" : [

                        ],
                        "image" : {
                          "path" : "images\/Layer-icon-D0BB5304-EC3E-4A46-8D71-D9C78A2086F0.png",
                          "frame" : {
                            "y" : 729,
                            "x" : 495,
                            "width" : 36,
                            "height" : 39
                          }
                        },
                        "imageType" : "png",
                        "layerFrame" : {
                          "y" : 729,
                          "x" : 495,
                          "width" : 36,
                          "height" : 39
                        },
                        "name" : "icon"
                      }
                    ],
                    "image" : {
                      "path" : "images\/Layer-unit-E270C627-DD4F-4521-BFF7-AE9424A113C6.png",
                      "frame" : {
                        "y" : 662,
                        "x" : 480,
                        "width" : 64,
                        "height" : 169
                      }
                    },
                    "imageType" : "png",
                    "layerFrame" : {
                      "y" : 662,
                      "x" : 480,
                      "width" : 64,
                      "height" : 169
                    },
                    "name" : "unit"
                  },
                  {
                    "maskFrame" : null,
                    "id" : "8265789A-5E19-464E-B34D-74372FFD6084",
                    "visible" : true,
                    "children" : [
                      {
                        "maskFrame" : null,
                        "id" : "3DE3E557-47A6-4C8B-9D87-B5689EDB14C3",
                        "visible" : true,
                        "children" : [

                        ],
                        "image" : {
                          "path" : "images\/Layer-icon-3DE3E557-47A6-4C8B-9D87-B5689EDB14C3.png",
                          "frame" : {
                            "y" : 729,
                            "x" : 381,
                            "width" : 36,
                            "height" : 39
                          }
                        },
                        "imageType" : "png",
                        "layerFrame" : {
                          "y" : 729,
                          "x" : 381,
                          "width" : 36,
                          "height" : 39
                        },
                        "name" : "icon"
                      }
                    ],
                    "image" : {
                      "path" : "images\/Layer-unit-8265789A-5E19-464E-B34D-74372FFD6084.png",
                      "frame" : {
                        "y" : 662,
                        "x" : 366,
                        "width" : 64,
                        "height" : 169
                      }
                    },
                    "imageType" : "png",
                    "layerFrame" : {
                      "y" : 662,
                      "x" : 366,
                      "width" : 64,
                      "height" : 169
                    },
                    "name" : "unit"
                  },
                  {
                    "maskFrame" : null,
                    "id" : "1214CB5E-DAFD-4732-9B99-1E001B8FAD7F",
                    "visible" : true,
                    "children" : [
                      {
                        "maskFrame" : null,
                        "id" : "17100AA1-076F-4723-A989-D2D6B9A0AD2F",
                        "visible" : true,
                        "children" : [

                        ],
                        "image" : {
                          "path" : "images\/Layer-icon-17100AA1-076F-4723-A989-D2D6B9A0AD2F.png",
                          "frame" : {
                            "y" : 729,
                            "x" : 273,
                            "width" : 36,
                            "height" : 25
                          }
                        },
                        "imageType" : "png",
                        "layerFrame" : {
                          "y" : 729,
                          "x" : 273,
                          "width" : 36,
                          "height" : 25
                        },
                        "name" : "icon"
                      }
                    ],
                    "image" : {
                      "path" : "images\/Layer-unit-1214CB5E-DAFD-4732-9B99-1E001B8FAD7F.png",
                      "frame" : {
                        "y" : 662,
                        "x" : 269,
                        "width" : 45,
                        "height" : 169
                      }
                    },
                    "imageType" : "png",
                    "layerFrame" : {
                      "y" : 662,
                      "x" : 269,
                      "width" : 45,
                      "height" : 169
                    },
                    "name" : "unit"
                  },
                  {
                    "maskFrame" : null,
                    "id" : "4A16E0A8-4C50-4BF8-9409-8AD15F91507C",
                    "visible" : true,
                    "children" : [
                      {
                        "maskFrame" : null,
                        "id" : "A9F515ED-2EF6-4312-A345-0701CB4838B0",
                        "visible" : true,
                        "children" : [

                        ],
                        "image" : {
                          "path" : "images\/Layer-icon-A9F515ED-2EF6-4312-A345-0701CB4838B0.png",
                          "frame" : {
                            "y" : 718,
                            "x" : 161,
                            "width" : 46,
                            "height" : 36
                          }
                        },
                        "imageType" : "png",
                        "layerFrame" : {
                          "y" : 718,
                          "x" : 161,
                          "width" : 46,
                          "height" : 36
                        },
                        "name" : "icon"
                      }
                    ],
                    "image" : {
                      "path" : "images\/Layer-unit-4A16E0A8-4C50-4BF8-9409-8AD15F91507C.png",
                      "frame" : {
                        "y" : 662,
                        "x" : 161,
                        "width" : 46,
                        "height" : 169
                      }
                    },
                    "imageType" : "png",
                    "layerFrame" : {
                      "y" : 662,
                      "x" : 161,
                      "width" : 46,
                      "height" : 169
                    },
                    "name" : "unit"
                  },
                  {
                    "maskFrame" : null,
                    "id" : "744292AC-AA2A-42C4-8382-9678515147DB",
                    "visible" : true,
                    "children" : [
                      {
                        "maskFrame" : null,
                        "id" : "85B1F807-BC87-435A-A5FD-378393B4C0F6",
                        "visible" : true,
                        "children" : [

                        ],
                        "image" : {
                          "path" : "images\/Layer-icon-85B1F807-BC87-435A-A5FD-378393B4C0F6.png",
                          "frame" : {
                            "y" : 718,
                            "x" : 44,
                            "width" : 46,
                            "height" : 36
                          }
                        },
                        "imageType" : "png",
                        "layerFrame" : {
                          "y" : 718,
                          "x" : 44,
                          "width" : 46,
                          "height" : 36
                        },
                        "name" : "icon"
                      }
                    ],
                    "image" : {
                      "path" : "images\/Layer-unit-744292AC-AA2A-42C4-8382-9678515147DB.png",
                      "frame" : {
                        "y" : 662,
                        "x" : 30,
                        "width" : 73,
                        "height" : 169
                      }
                    },
                    "imageType" : "png",
                    "layerFrame" : {
                      "y" : 662,
                      "x" : 30,
                      "width" : 73,
                      "height" : 169
                    },
                    "name" : "unit"
                  }
                ],
                "image" : {
                  "path" : "images\/Layer-units-3A436BA1-C914-45FA-9C87-0C58C272C395.png",
                  "frame" : {
                    "y" : 650,
                    "x" : 0,
                    "width" : 1600,
                    "height" : 190
                  }
                },
                "imageType" : "png",
                "layerFrame" : {
                  "y" : 650,
                  "x" : 0,
                  "width" : 1600,
                  "height" : 190
                },
                "name" : "units"
              }
            ],
            "image" : {
              "path" : "images\/Layer-today-FC8BE230-6438-4525-B5C3-EF2CFB38BBBE.png",
              "frame" : {
                "y" : 650,
                "x" : 0,
                "width" : 750,
                "height" : 190
              }
            },
            "imageType" : "png",
            "layerFrame" : {
              "y" : 650,
              "x" : 0,
              "width" : 750,
              "height" : 190
            },
            "name" : "today"
          },
          {
            "maskFrame" : {
              "y" : 841,
              "x" : 0,
              "width" : 750,
              "height" : 1158
            },
            "id" : "A5E42081-FB61-4893-BBE8-3853AB2DF8FD",
            "visible" : true,
            "children" : [
              {
                "maskFrame" : null,
                "id" : "A82C7C01-789C-4469-AB2B-155FDF6BA42B",
                "visible" : true,
                "children" : [

                ],
                "image" : {
                  "path" : "images\/Layer-Thursday_Copy_2__Thursday_Copy_3-A82C7C01-789C-4469-AB2B-155FDF6BA42B.png",
                  "frame" : {
                    "y" : 1431,
                    "x" : 114,
                    "width" : 473,
                    "height" : 537
                  }
                },
                "imageType" : "png",
                "layerFrame" : {
                  "y" : 1431,
                  "x" : 114,
                  "width" : 473,
                  "height" : 537
                },
                "name" : "Thursday_Copy_2__Thursday_Copy_3"
              },
              {
                "maskFrame" : null,
                "children" : [
                  {
                    "maskFrame" : null,
                    "id" : "16BEB62E-BDF3-4EB8-999B-51E8394B772E",
                    "visible" : true,
                    "children" : [
                      {
                        "maskFrame" : null,
                        "id" : "C651E0AC-A7A3-47C9-AD4E-E20727529A5E",
                        "visible" : true,
                        "children" : [

                        ],
                        "image" : {
                          "path" : "images\/Layer-icon-C651E0AC-A7A3-47C9-AD4E-E20727529A5E.png",
                          "frame" : {
                            "y" : 1190,
                            "x" : 347,
                            "width" : 46,
                            "height" : 36
                          }
                        },
                        "imageType" : "png",
                        "layerFrame" : {
                          "y" : 1190,
                          "x" : 347,
                          "width" : 46,
                          "height" : 36
                        },
                        "name" : "icon"
                      }
                    ],
                    "image" : {
                      "path" : "images\/Layer-unit-16BEB62E-BDF3-4EB8-999B-51E8394B772E.png",
                      "frame" : {
                        "y" : 1188,
                        "x" : 30,
                        "width" : 689,
                        "height" : 49
                      }
                    },
                    "imageType" : "png",
                    "layerFrame" : {
                      "y" : 1188,
                      "x" : 30,
                      "width" : 689,
                      "height" : 49
                    },
                    "name" : "unit"
                  },
                  {
                    "maskFrame" : null,
                    "id" : "FF7B502E-82DE-4BF4-9DD7-506644938C8B",
                    "visible" : true,
                    "children" : [
                      {
                        "maskFrame" : null,
                        "id" : "CCFB9D1C-7F24-4A93-9210-0C483DAB943B",
                        "visible" : true,
                        "children" : [

                        ],
                        "image" : {
                          "path" : "images\/Layer-icon-CCFB9D1C-7F24-4A93-9210-0C483DAB943B.png",
                          "frame" : {
                            "y" : 1135,
                            "x" : 347,
                            "width" : 46,
                            "height" : 36
                          }
                        },
                        "imageType" : "png",
                        "layerFrame" : {
                          "y" : 1135,
                          "x" : 347,
                          "width" : 46,
                          "height" : 36
                        },
                        "name" : "icon"
                      }
                    ],
                    "image" : {
                      "path" : "images\/Layer-unit-FF7B502E-82DE-4BF4-9DD7-506644938C8B.png",
                      "frame" : {
                        "y" : 1133,
                        "x" : 31,
                        "width" : 688,
                        "height" : 49
                      }
                    },
                    "imageType" : "png",
                    "layerFrame" : {
                      "y" : 1133,
                      "x" : 31,
                      "width" : 688,
                      "height" : 49
                    },
                    "name" : "unit"
                  },
                  {
                    "maskFrame" : null,
                    "id" : "FA561572-4240-4488-BC2B-0302828409A9",
                    "visible" : true,
                    "children" : [
                      {
                        "maskFrame" : null,
                        "id" : "F5A02F6A-6788-414E-8D77-D8004843C952",
                        "visible" : true,
                        "children" : [

                        ],
                        "image" : {
                          "path" : "images\/Layer-icon-F5A02F6A-6788-414E-8D77-D8004843C952.png",
                          "frame" : {
                            "y" : 1079,
                            "x" : 357,
                            "width" : 36,
                            "height" : 39
                          }
                        },
                        "imageType" : "png",
                        "layerFrame" : {
                          "y" : 1079,
                          "x" : 357,
                          "width" : 36,
                          "height" : 39
                        },
                        "name" : "icon"
                      }
                    ],
                    "image" : {
                      "path" : "images\/Layer-unit-FA561572-4240-4488-BC2B-0302828409A9.png",
                      "frame" : {
                        "y" : 1078,
                        "x" : 30,
                        "width" : 688,
                        "height" : 49
                      }
                    },
                    "imageType" : "png",
                    "layerFrame" : {
                      "y" : 1078,
                      "x" : 30,
                      "width" : 688,
                      "height" : 49
                    },
                    "name" : "unit"
                  },
                  {
                    "maskFrame" : null,
                    "id" : "283C4E52-50FE-4F58-96F1-5D2FC69C07A9",
                    "visible" : true,
                    "children" : [
                      {
                        "maskFrame" : null,
                        "id" : "66D14064-0B0A-4E59-A472-57B347AE78AC",
                        "visible" : true,
                        "children" : [

                        ],
                        "image" : {
                          "path" : "images\/Layer-icon-66D14064-0B0A-4E59-A472-57B347AE78AC.png",
                          "frame" : {
                            "y" : 1030,
                            "x" : 357,
                            "width" : 36,
                            "height" : 26
                          }
                        },
                        "imageType" : "png",
                        "layerFrame" : {
                          "y" : 1030,
                          "x" : 357,
                          "width" : 36,
                          "height" : 26
                        },
                        "name" : "icon"
                      }
                    ],
                    "image" : {
                      "path" : "images\/Layer-unit-283C4E52-50FE-4F58-96F1-5D2FC69C07A9.png",
                      "frame" : {
                        "y" : 1023,
                        "x" : 32,
                        "width" : 687,
                        "height" : 49
                      }
                    },
                    "imageType" : "png",
                    "layerFrame" : {
                      "y" : 1023,
                      "x" : 32,
                      "width" : 687,
                      "height" : 49
                    },
                    "name" : "unit"
                  },
                  {
                    "maskFrame" : null,
                    "id" : "7F4924E5-97D8-40E0-B22A-F374A823241D",
                    "visible" : true,
                    "children" : [
                      {
                        "maskFrame" : null,
                        "id" : "7EF99400-EB12-4028-B1D3-8A1F83070404",
                        "visible" : true,
                        "children" : [

                        ],
                        "image" : {
                          "path" : "images\/Layer-icon-7EF99400-EB12-4028-B1D3-8A1F83070404.png",
                          "frame" : {
                            "y" : 969,
                            "x" : 347,
                            "width" : 46,
                            "height" : 36
                          }
                        },
                        "imageType" : "png",
                        "layerFrame" : {
                          "y" : 969,
                          "x" : 347,
                          "width" : 46,
                          "height" : 36
                        },
                        "name" : "icon"
                      }
                    ],
                    "image" : {
                      "path" : "images\/Layer-unit-7F4924E5-97D8-40E0-B22A-F374A823241D.png",
                      "frame" : {
                        "y" : 967,
                        "x" : 32,
                        "width" : 686,
                        "height" : 49
                      }
                    },
                    "imageType" : "png",
                    "layerFrame" : {
                      "y" : 967,
                      "x" : 32,
                      "width" : 686,
                      "height" : 49
                    },
                    "name" : "unit"
                  },
                  {
                    "maskFrame" : null,
                    "id" : "54DD7477-4CD0-47F4-A72E-A88DAEFC3BD2",
                    "visible" : true,
                    "children" : [
                      {
                        "maskFrame" : null,
                        "id" : "E00B8309-3B6D-43A5-9BCE-5C19031542EA",
                        "visible" : true,
                        "children" : [

                        ],
                        "image" : {
                          "path" : "images\/Layer-icon-E00B8309-3B6D-43A5-9BCE-5C19031542EA.png",
                          "frame" : {
                            "y" : 914,
                            "x" : 357,
                            "width" : 36,
                            "height" : 39
                          }
                        },
                        "imageType" : "png",
                        "layerFrame" : {
                          "y" : 914,
                          "x" : 357,
                          "width" : 36,
                          "height" : 39
                        },
                        "name" : "icon"
                      }
                    ],
                    "image" : {
                      "path" : "images\/Layer-unit-54DD7477-4CD0-47F4-A72E-A88DAEFC3BD2.png",
                      "frame" : {
                        "y" : 913,
                        "x" : 32,
                        "width" : 687,
                        "height" : 49
                      }
                    },
                    "imageType" : "png",
                    "layerFrame" : {
                      "y" : 913,
                      "x" : 32,
                      "width" : 687,
                      "height" : 49
                    },
                    "name" : "unit"
                  },
                  {
                    "maskFrame" : null,
                    "id" : "A4CF723E-92D8-4113-9F05-79E7387C3A93",
                    "visible" : true,
                    "children" : [
                      {
                        "maskFrame" : null,
                        "id" : "D72DE053-5423-4EEE-B9FF-9AFCA5D5961D",
                        "visible" : true,
                        "children" : [

                        ],
                        "image" : {
                          "path" : "images\/Layer-icon-D72DE053-5423-4EEE-B9FF-9AFCA5D5961D.png",
                          "frame" : {
                            "y" : 865,
                            "x" : 357,
                            "width" : 36,
                            "height" : 26
                          }
                        },
                        "imageType" : "png",
                        "layerFrame" : {
                          "y" : 865,
                          "x" : 357,
                          "width" : 36,
                          "height" : 26
                        },
                        "name" : "icon"
                      }
                    ],
                    "image" : {
                      "path" : "images\/Layer-unit-A4CF723E-92D8-4113-9F05-79E7387C3A93.png",
                      "frame" : {
                        "y" : 858,
                        "x" : 32,
                        "width" : 686,
                        "height" : 49
                      }
                    },
                    "imageType" : "png",
                    "layerFrame" : {
                      "y" : 858,
                      "x" : 32,
                      "width" : 686,
                      "height" : 49
                    },
                    "name" : "unit"
                  }
                ],
                "id" : "53CAC139-1723-44FC-B013-A33315617362",
                "visible" : true,
                "imageType" : "png",
                "layerFrame" : {
                  "y" : 858,
                  "x" : 30,
                  "width" : 689,
                  "height" : 379
                },
                "name" : "units"
              }
            ],
            "image" : {
              "path" : "images\/Layer-week-A5E42081-FB61-4893-BBE8-3853AB2DF8FD.png",
              "frame" : {
                "y" : 841,
                "x" : 0,
                "width" : 750,
                "height" : 1158
              }
            },
            "imageType" : "png",
            "layerFrame" : {
              "y" : 841,
              "x" : 0,
              "width" : 750,
              "height" : 1158
            },
            "name" : "week"
          },
          {
            "maskFrame" : null,
            "id" : "B6AB13EC-DDB6-4E2C-8B35-E6595A4A122A",
            "visible" : true,
            "children" : [

            ],
            "image" : {
              "path" : "images\/Layer-chrome-B6AB13EC-DDB6-4E2C-8B35-E6595A4A122A.png",
              "frame" : {
                "y" : 601,
                "x" : 29,
                "width" : 690,
                "height" : 49
              }
            },
            "imageType" : "png",
            "layerFrame" : {
              "y" : 601,
              "x" : 29,
              "width" : 690,
              "height" : 49
            },
            "name" : "chrome"
          }
        ],
        "image" : {
          "path" : "images\/Layer-group-6690A664-006B-4899-B112-78D78324124D.png",
          "frame" : {
            "y" : 590,
            "x" : 0,
            "width" : 750,
            "height" : 1010
          }
        },
        "imageType" : "png",
        "layerFrame" : {
          "y" : 590,
          "x" : 0,
          "width" : 750,
          "height" : 1010
        },
        "name" : "group"
      }
    ],
    "image" : {
      "path" : "images\/Layer-weather-5DB69ED8-151E-46BF-873E-476561C2EEFA.png",
      "frame" : {
        "y" : 230,
        "x" : 0,
        "width" : 750,
        "height" : 1016
      }
    },
    "imageType" : "png",
    "layerFrame" : {
      "y" : 230,
      "x" : 0,
      "width" : 750,
      "height" : 1016
    },
    "name" : "weather"
  }
]