[
	{
		"id": "827E1973-BC33-4014-83CC-7DA549C735A2",
		"name": "bg",
		"maskFrame": null,
		"layerFrame": {
			"x": 0,
			"y": 0,
			"width": 640,
			"height": 1136
		},
		"image": {
			"path": "images/827E1973-BC33-4014-83CC-7DA549C735A2.png",
			"frame": {
				"x": 0,
				"y": 0,
				"width": 640,
				"height": 1136
			}
		},
		"imageType": "png",
		"modification": null,
		"children": [],
		"visible": true
	},
	{
		"id": "D2CF4FA9-FF59-4934-ACDB-33FB5E924FC9",
		"name": "dot1",
		"maskFrame": null,
		"layerFrame": {
			"x": 299,
			"y": 174,
			"width": 64,
			"height": 64
		},
		"image": {
			"path": "images/D2CF4FA9-FF59-4934-ACDB-33FB5E924FC9.png",
			"frame": {
				"x": 299,
				"y": 174,
				"width": 64,
				"height": 64
			}
		},
		"imageType": "png",
		"modification": null,
		"children": [],
		"visible": true
	},
	{
		"id": "11FBC0D6-EEEC-4FD6-B3F7-378D3D6166AB",
		"name": "dot2",
		"maskFrame": null,
		"layerFrame": {
			"x": 520,
			"y": 512,
			"width": 64,
			"height": 64
		},
		"image": {
			"path": "images/11FBC0D6-EEEC-4FD6-B3F7-378D3D6166AB.png",
			"frame": {
				"x": 520,
				"y": 512,
				"width": 64,
				"height": 64
			}
		},
		"imageType": "png",
		"modification": null,
		"children": [],
		"visible": true
	},
	{
		"id": "D15AA5DF-4BBA-4BAC-8FCA-727F775FD78F",
		"name": "dot3",
		"maskFrame": null,
		"layerFrame": {
			"x": 71,
			"y": 513,
			"width": 64,
			"height": 64
		},
		"image": {
			"path": "images/D15AA5DF-4BBA-4BAC-8FCA-727F775FD78F.png",
			"frame": {
				"x": 71,
				"y": 513,
				"width": 64,
				"height": 64
			}
		},
		"imageType": "png",
		"modification": null,
		"children": [],
		"visible": true
	},
	{
		"id": "B3B011A9-9DA6-43FB-B4B1-B30559FEC4EA",
		"name": "distancedot1",
		"maskFrame": null,
		"layerFrame": {
			"x": 567,
			"y": 373,
			"width": 42,
			"height": 42
		},
		"image": {
			"path": "images/B3B011A9-9DA6-43FB-B4B1-B30559FEC4EA.png",
			"frame": {
				"x": 567,
				"y": 373,
				"width": 42,
				"height": 42
			}
		},
		"imageType": "png",
		"modification": null,
		"children": [],
		"visible": true
	},
	{
		"id": "7B5469EB-F13F-425C-8C41-BEB5ED49F8CA",
		"name": "distancedot2",
		"maskFrame": null,
		"layerFrame": {
			"x": 567,
			"y": 224,
			"width": 42,
			"height": 42
		},
		"image": {
			"path": "images/7B5469EB-F13F-425C-8C41-BEB5ED49F8CA.png",
			"frame": {
				"x": 567,
				"y": 224,
				"width": 42,
				"height": 42
			}
		},
		"imageType": "png",
		"modification": null,
		"children": [],
		"visible": true
	},
	{
		"id": "5265520D-B7F3-4F82-BC95-BCD8EC0391FE",
		"name": "distancedotbackforth",
		"maskFrame": null,
		"layerFrame": {
			"x": 576,
			"y": 307,
			"width": 24,
			"height": 24
		},
		"image": {
			"path": "images/5265520D-B7F3-4F82-BC95-BCD8EC0391FE.png",
			"frame": {
				"x": 576,
				"y": 307,
				"width": 24,
				"height": 24
			}
		},
		"imageType": "png",
		"modification": null,
		"children": [],
		"visible": true
	},
	{
		"id": "B386B1D1-279D-4846-8ED1-405CF86A5209",
		"name": "scalecontrol",
		"maskFrame": null,
		"layerFrame": {
			"x": 47,
			"y": 285,
			"width": 62,
			"height": 62
		},
		"image": {
			"path": "images/B386B1D1-279D-4846-8ED1-405CF86A5209.png",
			"frame": {
				"x": 47,
				"y": 285,
				"width": 62,
				"height": 62
			}
		},
		"imageType": "png",
		"modification": null,
		"children": [],
		"visible": true
	},
	{
		"id": "A3593E98-9E49-4646-8144-1FAB08AD9CD8",
		"name": "plus",
		"maskFrame": null,
		"layerFrame": {
			"x": 57,
			"y": 221,
			"width": 42,
			"height": 42
		},
		"image": {
			"path": "images/A3593E98-9E49-4646-8144-1FAB08AD9CD8.png",
			"frame": {
				"x": 57,
				"y": 221,
				"width": 42,
				"height": 42
			}
		},
		"imageType": "png",
		"modification": null,
		"children": [],
		"visible": true
	},
	{
		"id": "A52835DB-D4BE-4B34-A1E8-BE0371CF8E88",
		"name": "minus",
		"maskFrame": null,
		"layerFrame": {
			"x": 57,
			"y": 371,
			"width": 42,
			"height": 42
		},
		"image": {
			"path": "images/A52835DB-D4BE-4B34-A1E8-BE0371CF8E88.png",
			"frame": {
				"x": 57,
				"y": 371,
				"width": 42,
				"height": 42
			}
		},
		"imageType": "png",
		"modification": null,
		"children": [],
		"visible": true
	},
	{
		"id": "08B090A4-B443-47D7-939A-AE09C1172EAF",
		"name": "gear",
		"maskFrame": null,
		"layerFrame": {
			"x": 45,
			"y": 44,
			"width": 67,
			"height": 51
		},
		"image": {
			"path": "images/08B090A4-B443-47D7-939A-AE09C1172EAF.png",
			"frame": {
				"x": 45,
				"y": 44,
				"width": 67,
				"height": 51
			}
		},
		"imageType": "png",
		"modification": null,
		"children": [],
		"visible": true
	},
	{
		"id": "485FA0DF-1A5D-488E-85F0-5DEB87DC68C9",
		"name": "dotActive",
		"maskFrame": null,
		"layerFrame": {
			"x": 289,
			"y": 207,
			"width": 82,
			"height": 82
		},
		"image": {
			"path": "images/485FA0DF-1A5D-488E-85F0-5DEB87DC68C9.png",
			"frame": {
				"x": 289,
				"y": 207,
				"width": 82,
				"height": 82
			}
		},
		"imageType": "png",
		"modification": null,
		"children": [
			{
				"id": "9951C0A8-EA40-40D5-8574-07ED9DBA9204",
				"name": "dotInside",
				"maskFrame": null,
				"layerFrame": {
					"x": 289,
					"y": 207,
					"width": 82,
					"height": 82
				},
				"image": {
					"path": "images/9951C0A8-EA40-40D5-8574-07ED9DBA9204.png",
					"frame": {
						"x": 289,
						"y": 207,
						"width": 82,
						"height": 82
					}
				},
				"imageType": "png",
				"modification": null,
				"children": [
					{
						"id": "D43E459E-AAD0-4A0B-8549-1E4185548F6A",
						"name": "dotScale",
						"maskFrame": null,
						"layerFrame": {
							"x": 289,
							"y": 207,
							"width": 82,
							"height": 82
						},
						"image": {
							"path": "images/D43E459E-AAD0-4A0B-8549-1E4185548F6A.png",
							"frame": {
								"x": 289,
								"y": 207,
								"width": 82,
								"height": 82
							}
						},
						"imageType": "png",
						"modification": null,
						"children": [],
						"visible": true
					}
				],
				"visible": true
			}
		],
		"visible": true
	}
]