[
	{
		"id": 220,
		"name": "group",
		"layerFrame": {
			"x": 0,
			"y": 0,
			"width": 300,
			"height": 360
		},
		"maskFrame": null,
		"image": null,
		"imageType": null,
		"children": [
			{
				"id": 244,
				"name": "borderRadius",
				"layerFrame": {
					"x": 0,
					"y": 0,
					"width": 300,
					"height": 360
				},
				"maskFrame": null,
				"image": {
					"path": "images/borderRadius.png",
					"frame": {
						"x": 0,
						"y": 0,
						"width": 300,
						"height": 360
					}
				},
				"imageType": "png",
				"children": [
					
				],
				"modification": "230856568"
			},
			{
				"id": 190,
				"name": "follow",
				"layerFrame": {
					"x": 0,
					"y": 0,
					"width": 300,
					"height": 360
				},
				"maskFrame": null,
				"image": null,
				"imageType": null,
				"children": [
					{
						"id": 201,
						"name": "close",
						"layerFrame": {
							"x": 0,
							"y": 0,
							"width": 300,
							"height": 360
						},
						"maskFrame": null,
						"image": null,
						"imageType": null,
						"children": [
							{
								"id": 205,
								"name": "close_h",
								"layerFrame": {
									"x": 0,
									"y": 0,
									"width": 300,
									"height": 360
								},
								"maskFrame": null,
								"image": {
									"path": "images/close_h.png",
									"frame": {
										"x": 262,
										"y": 10,
										"width": 28,
										"height": 28
									}
								},
								"imageType": "png",
								"children": [
									
								],
								"modification": "2019430298"
							},
							{
								"id": 203,
								"name": "close_n",
								"layerFrame": {
									"x": 0,
									"y": 0,
									"width": 300,
									"height": 360
								},
								"maskFrame": null,
								"image": {
									"path": "images/close_n.png",
									"frame": {
										"x": 262,
										"y": 10,
										"width": 28,
										"height": 28
									}
								},
								"imageType": "png",
								"children": [
									
								],
								"modification": "230856540"
							}
						],
						"modification": "319600066"
					},
					{
						"id": 218,
						"name": "follow_avatar",
						"layerFrame": {
							"x": 0,
							"y": 0,
							"width": 300,
							"height": 360
						},
						"maskFrame": null,
						"image": {
							"path": "images/follow_avatar.png",
							"frame": {
								"x": 71,
								"y": 46,
								"width": 158,
								"height": 158
							}
						},
						"imageType": "png",
						"children": [
							
						],
						"modification": "439111690"
					},
					{
						"id": 216,
						"name": "follow_user",
						"layerFrame": {
							"x": 0,
							"y": 0,
							"width": 300,
							"height": 360
						},
						"maskFrame": null,
						"image": {
							"path": "images/follow_user.png",
							"frame": {
								"x": 81,
								"y": 213,
								"width": 138,
								"height": 26
							}
						},
						"imageType": "png",
						"children": [
							
						],
						"modification": "230856534"
					},
					{
						"id": 188,
						"name": "button_follow",
						"layerFrame": {
							"x": 0,
							"y": 0,
							"width": 300,
							"height": 360
						},
						"maskFrame": null,
						"image": null,
						"imageType": null,
						"children": [
							{
								"id": 215,
								"name": "follow_h",
								"layerFrame": {
									"x": 0,
									"y": 0,
									"width": 300,
									"height": 360
								},
								"maskFrame": null,
								"image": {
									"path": "images/follow_h.png",
									"frame": {
										"x": 44,
										"y": 265,
										"width": 212,
										"height": 62
									}
								},
								"imageType": "png",
								"children": [
									
								],
								"modification": "380503595"
							},
							{
								"id": 207,
								"name": "follow_n",
								"layerFrame": {
									"x": 0,
									"y": 0,
									"width": 300,
									"height": 360
								},
								"maskFrame": null,
								"image": {
									"path": "images/follow_n.png",
									"frame": {
										"x": 44,
										"y": 265,
										"width": 212,
										"height": 62
									}
								},
								"imageType": "png",
								"children": [
									
								],
								"modification": "1498775091"
							}
						],
						"modification": "1237901451"
					}
				],
				"modification": "2045152667"
			},
			{
				"id": 151,
				"name": "message",
				"layerFrame": {
					"x": 0,
					"y": 0,
					"width": 300,
					"height": 360
				},
				"maskFrame": null,
				"image": null,
				"imageType": null,
				"children": [
					{
						"id": 347,
						"name": "m_avatar",
						"layerFrame": {
							"x": 0,
							"y": 0,
							"width": 300,
							"height": 360
						},
						"maskFrame": null,
						"image": {
							"path": "images/m_avatar.png",
							"frame": {
								"x": 17,
								"y": 21,
								"width": 86,
								"height": 86
							}
						},
						"imageType": "png",
						"children": [
							
						],
						"modification": "616568727"
					},
					{
						"id": 374,
						"name": "m_content",
						"layerFrame": {
							"x": 0,
							"y": 0,
							"width": 300,
							"height": 360
						},
						"maskFrame": null,
						"image": {
							"path": "images/m_content.png",
							"frame": {
								"x": 22,
								"y": 37,
								"width": 255,
								"height": 228
							}
						},
						"imageType": "png",
						"children": [
							{
								"id": 355,
								"name": "m_button",
								"layerFrame": {
									"x": 0,
									"y": 0,
									"width": 300,
									"height": 360
								},
								"maskFrame": null,
								"image": null,
								"imageType": null,
								"children": [
									{
										"id": 360,
										"name": "m_hi",
										"layerFrame": {
											"x": 0,
											"y": 0,
											"width": 300,
											"height": 360
										},
										"maskFrame": null,
										"image": {
											"path": "images/m_hi.png",
											"frame": {
												"x": 20,
												"y": 287,
												"width": 260,
												"height": 53
											}
										},
										"imageType": "png",
										"children": [
											
										],
										"modification": "1855012557"
									},
									{
										"id": 344,
										"name": "m_no",
										"layerFrame": {
											"x": 0,
											"y": 0,
											"width": 300,
											"height": 360
										},
										"maskFrame": null,
										"image": {
											"path": "images/m_no.png",
											"frame": {
												"x": 20,
												"y": 287,
												"width": 260,
												"height": 53
											}
										},
										"imageType": "png",
										"children": [
											
										],
										"modification": "1136174899"
									}
								],
								"modification": "2075199897"
							}
						],
						"modification": "508800917"
					}
				],
				"modification": "1755718339"
			},
			{
				"id": 422,
				"name": "shade_b",
				"layerFrame": {
					"x": 0,
					"y": 0,
					"width": 300,
					"height": 360
				},
				"maskFrame": null,
				"image": {
					"path": "images/shade_b.png",
					"frame": {
						"x": 0,
						"y": 0,
						"width": 300,
						"height": 360
					}
				},
				"imageType": "png",
				"children": [
					
				],
				"modification": "230141742"
			},
			{
				"id": 405,
				"name": "shade",
				"layerFrame": {
					"x": 0,
					"y": 0,
					"width": 300,
					"height": 360
				},
				"maskFrame": null,
				"image": {
					"path": "images/shade.png",
					"frame": {
						"x": 0,
						"y": 0,
						"width": 300,
						"height": 360
					}
				},
				"imageType": "png",
				"children": [
					
				],
				"modification": "230141739"
			},
			{
				"id": 122,
				"name": "compose",
				"layerFrame": {
					"x": 0,
					"y": 0,
					"width": 300,
					"height": 360
				},
				"maskFrame": null,
				"image": {
					"path": "images/compose.png",
					"frame": {
						"x": 0,
						"y": 0,
						"width": 300,
						"height": 296
					}
				},
				"imageType": "png",
				"children": [
					
				],
				"modification": "230141738"
			},
			{
				"id": 123,
				"name": "compose_words",
				"layerFrame": {
					"x": 0,
					"y": 0,
					"width": 300,
					"height": 360
				},
				"maskFrame": null,
				"image": {
					"path": "images/compose_words.png",
					"frame": {
						"x": 24,
						"y": 313,
						"width": 253,
						"height": 22
					}
				},
				"imageType": "png",
				"children": [
					
				],
				"modification": "408218071"
			},
			{
				"id": 120,
				"name": "compose_icon",
				"layerFrame": {
					"x": 0,
					"y": 0,
					"width": 300,
					"height": 360
				},
				"maskFrame": null,
				"image": {
					"path": "images/compose_icon.png",
					"frame": {
						"x": 39,
						"y": 56,
						"width": 222,
						"height": 222
					}
				},
				"imageType": "png",
				"children": [
					
				],
				"modification": "230141618"
			},
			{
				"id": 83,
				"name": "feed",
				"layerFrame": {
					"x": 0,
					"y": 0,
					"width": 300,
					"height": 360
				},
				"maskFrame": null,
				"image": null,
				"imageType": null,
				"children": [
					{
						"id": 280,
						"name": "feed_c",
						"layerFrame": {
							"x": 0,
							"y": 0,
							"width": 300,
							"height": 360
						},
						"maskFrame": null,
						"image": null,
						"imageType": null,
						"children": [
							{
								"id": 75,
								"name": "c_icon_like",
								"layerFrame": {
									"x": 0,
									"y": 0,
									"width": 300,
									"height": 360
								},
								"maskFrame": null,
								"image": null,
								"imageType": null,
								"children": [
									{
										"id": 49,
										"name": "c_liked",
										"layerFrame": {
											"x": 0,
											"y": 0,
											"width": 300,
											"height": 360
										},
										"maskFrame": null,
										"image": {
											"path": "images/c_liked.png",
											"frame": {
												"x": 252,
												"y": 312,
												"width": 29,
												"height": 29
											}
										},
										"imageType": "png",
										"children": [
											
										],
										"modification": "1631574535"
									},
									{
										"id": 71,
										"name": "c_like",
										"layerFrame": {
											"x": 0,
											"y": 0,
											"width": 300,
											"height": 360
										},
										"maskFrame": null,
										"image": {
											"path": "images/c_like.png",
											"frame": {
												"x": 252,
												"y": 312,
												"width": 29,
												"height": 29
											}
										},
										"imageType": "png",
										"children": [
											
										],
										"modification": "230141589"
									}
								],
								"modification": "710691516"
							},
							{
								"id": 77,
								"name": "c_name",
								"layerFrame": {
									"x": 0,
									"y": 0,
									"width": 300,
									"height": 360
								},
								"maskFrame": null,
								"image": {
									"path": "images/c_name.png",
									"frame": {
										"x": 17,
										"y": 323,
										"width": 82,
										"height": 19
									}
								},
								"imageType": "png",
								"children": [
									
								],
								"modification": "230141585"
							},
							{
								"id": 257,
								"name": "c_content",
								"layerFrame": {
									"x": 0,
									"y": 0,
									"width": 300,
									"height": 360
								},
								"maskFrame": null,
								"image": {
									"path": "images/c_content.png",
									"frame": {
										"x": 18,
										"y": 259,
										"width": 269,
										"height": 44
									}
								},
								"imageType": "png",
								"children": [
									
								],
								"modification": "230112010"
							},
							{
								"id": 81,
								"name": "c_image",
								"layerFrame": {
									"x": 0,
									"y": 0,
									"width": 300,
									"height": 360
								},
								"maskFrame": null,
								"image": {
									"path": "images/c_image.png",
									"frame": {
										"x": 0,
										"y": 0,
										"width": 300,
										"height": 360
									}
								},
								"imageType": "png",
								"children": [
									
								],
								"modification": "1235555887"
							}
						],
						"modification": "1981485910"
					},
					{
						"id": 282,
						"name": "feed_b",
						"layerFrame": {
							"x": 0,
							"y": 0,
							"width": 300,
							"height": 360
						},
						"maskFrame": null,
						"image": null,
						"imageType": null,
						"children": [
							{
								"id": 63,
								"name": "b_icon_like",
								"layerFrame": {
									"x": 0,
									"y": 0,
									"width": 300,
									"height": 360
								},
								"maskFrame": null,
								"image": null,
								"imageType": null,
								"children": [
									{
										"id": 34,
										"name": "b_liked",
										"layerFrame": {
											"x": 0,
											"y": 0,
											"width": 300,
											"height": 360
										},
										"maskFrame": null,
										"image": {
											"path": "images/b_liked.png",
											"frame": {
												"x": 252,
												"y": 312,
												"width": 29,
												"height": 29
											}
										},
										"imageType": "png",
										"children": [
											
										],
										"modification": "1922354000"
									},
									{
										"id": 61,
										"name": "b_like",
										"layerFrame": {
											"x": 0,
											"y": 0,
											"width": 300,
											"height": 360
										},
										"maskFrame": null,
										"image": {
											"path": "images/b_like.png",
											"frame": {
												"x": 252,
												"y": 312,
												"width": 29,
												"height": 29
											}
										},
										"imageType": "png",
										"children": [
											
										],
										"modification": "230111853"
									}
								],
								"modification": "1155774107"
							},
							{
								"id": 65,
								"name": "b_name",
								"layerFrame": {
									"x": 0,
									"y": 0,
									"width": 300,
									"height": 360
								},
								"maskFrame": null,
								"image": {
									"path": "images/b_name.png",
									"frame": {
										"x": 17,
										"y": 323,
										"width": 111,
										"height": 20
									}
								},
								"imageType": "png",
								"children": [
									
								],
								"modification": "230111828"
							},
							{
								"id": 259,
								"name": "b_content",
								"layerFrame": {
									"x": 0,
									"y": 0,
									"width": 300,
									"height": 360
								},
								"maskFrame": null,
								"image": {
									"path": "images/b_content.png",
									"frame": {
										"x": 19,
										"y": 259,
										"width": 265,
										"height": 49
									}
								},
								"imageType": "png",
								"children": [
									
								],
								"modification": "230082252"
							},
							{
								"id": 69,
								"name": "b_image",
								"layerFrame": {
									"x": 0,
									"y": 0,
									"width": 300,
									"height": 360
								},
								"maskFrame": null,
								"image": {
									"path": "images/b_image.png",
									"frame": {
										"x": 0,
										"y": 0,
										"width": 300,
										"height": 360
									}
								},
								"imageType": "png",
								"children": [
									
								],
								"modification": "1331473719"
							}
						],
						"modification": "1353561898"
					},
					{
						"id": 284,
						"name": "feed_a",
						"layerFrame": {
							"x": 0,
							"y": 0,
							"width": 300,
							"height": 360
						},
						"maskFrame": null,
						"image": null,
						"imageType": null,
						"children": [
							{
								"id": 53,
								"name": "a_icon_like",
								"layerFrame": {
									"x": 0,
									"y": 0,
									"width": 300,
									"height": 360
								},
								"maskFrame": null,
								"image": null,
								"imageType": null,
								"children": [
									{
										"id": 19,
										"name": "a_liked",
										"layerFrame": {
											"x": 0,
											"y": 0,
											"width": 300,
											"height": 360
										},
										"maskFrame": null,
										"image": {
											"path": "images/a_liked.png",
											"frame": {
												"x": 252,
												"y": 308,
												"width": 29,
												"height": 29
											}
										},
										"imageType": "png",
										"children": [
											
										],
										"modification": "1251466602"
									},
									{
										"id": 51,
										"name": "a_like",
										"layerFrame": {
											"x": 0,
											"y": 0,
											"width": 300,
											"height": 360
										},
										"maskFrame": null,
										"image": {
											"path": "images/a_like.png",
											"frame": {
												"x": 252,
												"y": 308,
												"width": 29,
												"height": 29
											}
										},
										"imageType": "png",
										"children": [
											
										],
										"modification": "230082095"
									}
								],
								"modification": "1535148327"
							},
							{
								"id": 55,
								"name": "a_name",
								"layerFrame": {
									"x": 0,
									"y": 0,
									"width": 300,
									"height": 360
								},
								"maskFrame": null,
								"image": {
									"path": "images/a_name.png",
									"frame": {
										"x": 17,
										"y": 318,
										"width": 140,
										"height": 16
									}
								},
								"imageType": "png",
								"children": [
									
								],
								"modification": "408219995"
							},
							{
								"id": 261,
								"name": "a_content",
								"layerFrame": {
									"x": 0,
									"y": 0,
									"width": 300,
									"height": 360
								},
								"maskFrame": null,
								"image": {
									"path": "images/a_content.png",
									"frame": {
										"x": 18,
										"y": 264,
										"width": 262,
										"height": 24
									}
								},
								"imageType": "png",
								"children": [
									
								],
								"modification": "230081974"
							},
							{
								"id": 59,
								"name": "a_image",
								"layerFrame": {
									"x": 0,
									"y": 0,
									"width": 300,
									"height": 360
								},
								"maskFrame": null,
								"image": {
									"path": "images/a_image.png",
									"frame": {
										"x": 0,
										"y": 0,
										"width": 300,
										"height": 360
									}
								},
								"imageType": "png",
								"children": [
									
								],
								"modification": "712304777"
							}
						],
						"modification": "1108539052"
					}
				],
				"modification": "1073152401"
			},
			{
				"id": 109,
				"name": "splash",
				"layerFrame": {
					"x": 0,
					"y": 0,
					"width": 300,
					"height": 360
				},
				"maskFrame": null,
				"image": null,
				"imageType": null,
				"children": [
					{
						"id": 112,
						"name": "splash_avatar",
						"layerFrame": {
							"x": 0,
							"y": 0,
							"width": 300,
							"height": 360
						},
						"maskFrame": null,
						"image": {
							"path": "images/splash_avatar.png",
							"frame": {
								"x": 75,
								"y": 76,
								"width": 150,
								"height": 150
							}
						},
						"imageType": "png",
						"children": [
							
						],
						"modification": "1589099237"
					},
					{
						"id": 110,
						"name": "splash_bg",
						"layerFrame": {
							"x": 0,
							"y": 0,
							"width": 300,
							"height": 360
						},
						"maskFrame": null,
						"image": {
							"path": "images/splash_bg.png",
							"frame": {
								"x": 0,
								"y": 0,
								"width": 300,
								"height": 360
							}
						},
						"imageType": "png",
						"children": [
							
						],
						"modification": "749364678"
					}
				],
				"modification": "1551425166"
			},
			{
				"id": 92,
				"name": "desktop",
				"layerFrame": {
					"x": 0,
					"y": 0,
					"width": 300,
					"height": 360
				},
				"maskFrame": null,
				"image": null,
				"imageType": null,
				"children": [
					{
						"id": 95,
						"name": "launch_icon",
						"layerFrame": {
							"x": 0,
							"y": 0,
							"width": 300,
							"height": 360
						},
						"maskFrame": null,
						"image": {
							"path": "images/launch_icon.png",
							"frame": {
								"x": 111,
								"y": 146,
								"width": 76,
								"height": 76
							}
						},
						"imageType": "png",
						"children": [
							
						],
						"modification": "1708795737"
					},
					{
						"id": 93,
						"name": "desk",
						"layerFrame": {
							"x": 0,
							"y": 0,
							"width": 300,
							"height": 360
						},
						"maskFrame": null,
						"image": {
							"path": "images/desk.png",
							"frame": {
								"x": 0,
								"y": 0,
								"width": 300,
								"height": 360
							}
						},
						"imageType": "png",
						"children": [
							
						],
						"modification": "1759857780"
					}
				],
				"modification": "1212963391"
			}
		],
		"modification": "1703756700"
	}
]