[
	{
		"id": "250B1DD3-CF05-4EF7-B3CA-E39C3FE07771",
		"name": "Screen",
		"maskFrame": {
			"x": 0,
			"y": 0,
			"width": 380,
			"height": 680
		},
		"layerFrame": {
			"x": 0,
			"y": 0,
			"width": 380,
			"height": 680
		},
		"image": {
			"path": "images/250B1DD3-CF05-4EF7-B3CA-E39C3FE07771.png",
			"frame": {
				"x": 0,
				"y": 0,
				"width": 380,
				"height": 680
			}
		},
		"imageType": "png",
		"modification": null,
		"children": [
			{
				"id": "D7DDCA87-0F0B-4733-B131-1A45F3DECEE1",
				"name": "AlbumUI",
				"maskFrame": null,
				"layerFrame": {
					"x": 0,
					"y": 26,
					"width": 380,
					"height": 380
				},
				"image": {
					"path": "images/D7DDCA87-0F0B-4733-B131-1A45F3DECEE1.png",
					"frame": {
						"x": 0,
						"y": 26,
						"width": 380,
						"height": 380
					}
				},
				"imageType": "png",
				"modification": null,
				"children": [
					{
						"id": "0890F79F-878C-437E-A32D-BFB9F7036663",
						"name": "Kodaline",
						"maskFrame": null,
						"layerFrame": {
							"x": 0,
							"y": 26,
							"width": 380,
							"height": 380
						},
						"image": {
							"path": "images/0890F79F-878C-437E-A32D-BFB9F7036663.png",
							"frame": {
								"x": 0,
								"y": 26,
								"width": 380,
								"height": 380
							}
						},
						"imageType": "png",
						"modification": null,
						"children": [],
						"visible": true
					}
				],
				"visible": false
			},
			{
				"id": "D41A144D-8D65-435B-8705-392919E23A13",
				"name": "GridUI",
				"maskFrame": null,
				"layerFrame": {
					"x": 0,
					"y": 0,
					"width": 380,
					"height": 805
				},
				"image": {
					"path": "images/D41A144D-8D65-435B-8705-392919E23A13.png",
					"frame": {
						"x": 0,
						"y": 0,
						"width": 380,
						"height": 805
					}
				},
				"imageType": "png",
				"modification": null,
				"children": [
					{
						"id": "BE77AE39-C832-44E6-A0C8-3DD3F5887307",
						"name": "ActionBar",
						"maskFrame": null,
						"layerFrame": {
							"x": 0,
							"y": 630,
							"width": 380,
							"height": 50
						},
						"image": {
							"path": "images/BE77AE39-C832-44E6-A0C8-3DD3F5887307.png",
							"frame": {
								"x": 0,
								"y": 630,
								"width": 380,
								"height": 50
							}
						},
						"imageType": "png",
						"modification": null,
						"children": [],
						"visible": true
					},
					{
						"id": "6C7E393D-8BB7-4583-B912-49C4B33378CB",
						"name": "NavigationBar",
						"maskFrame": null,
						"layerFrame": {
							"x": 21,
							"y": 42,
							"width": 338,
							"height": 25
						},
						"image": {
							"path": "images/6C7E393D-8BB7-4583-B912-49C4B33378CB.png",
							"frame": {
								"x": 21,
								"y": 42,
								"width": 338,
								"height": 25
							}
						},
						"imageType": "png",
						"modification": null,
						"children": [],
						"visible": true
					},
					{
						"id": "A19DF3CF-79E5-457E-9874-FEBE9683D952",
						"name": "StatusBar",
						"maskFrame": null,
						"layerFrame": {
							"x": 0,
							"y": 0,
							"width": 380,
							"height": 26
						},
						"image": {
							"path": "images/A19DF3CF-79E5-457E-9874-FEBE9683D952.png",
							"frame": {
								"x": 0,
								"y": 0,
								"width": 380,
								"height": 26
							}
						},
						"imageType": "png",
						"modification": null,
						"children": [],
						"visible": true
					},
					{
						"id": "E4CBE2AC-7F60-4964-BB62-5662383DB411",
						"name": "Album1",
						"maskFrame": null,
						"layerFrame": {
							"x": 0,
							"y": 89,
							"width": 188,
							"height": 260
						},
						"image": {
							"path": "images/E4CBE2AC-7F60-4964-BB62-5662383DB411.png",
							"frame": {
								"x": 0,
								"y": 89,
								"width": 188,
								"height": 260
							}
						},
						"imageType": "png",
						"modification": null,
						"children": [
							{
								"id": "32BD5B1C-12C2-4EFC-98DF-344A2B17AD28",
								"name": "Color1",
								"maskFrame": null,
								"layerFrame": {
									"x": 0,
									"y": 277,
									"width": 188,
									"height": 72
								},
								"image": {
									"path": "images/32BD5B1C-12C2-4EFC-98DF-344A2B17AD28.png",
									"frame": {
										"x": 0,
										"y": 277,
										"width": 188,
										"height": 72
									}
								},
								"imageType": "png",
								"modification": null,
								"children": [],
								"visible": true
							},
							{
								"id": "BCD0CDDE-D74A-4703-B4C7-D5CD60A33F9C",
								"name": "BW1",
								"maskFrame": null,
								"layerFrame": {
									"x": 0,
									"y": 277,
									"width": 188,
									"height": 72
								},
								"image": {
									"path": "images/BCD0CDDE-D74A-4703-B4C7-D5CD60A33F9C.png",
									"frame": {
										"x": 0,
										"y": 277,
										"width": 188,
										"height": 72
									}
								},
								"imageType": "png",
								"modification": null,
								"children": [],
								"visible": true
							}
						],
						"visible": true
					},
					{
						"id": "9FAD149A-6CC2-4589-B69C-AC3155D14F72",
						"name": "Album2",
						"maskFrame": null,
						"layerFrame": {
							"x": 192,
							"y": 89,
							"width": 188,
							"height": 260
						},
						"image": {
							"path": "images/9FAD149A-6CC2-4589-B69C-AC3155D14F72.png",
							"frame": {
								"x": 192,
								"y": 89,
								"width": 188,
								"height": 260
							}
						},
						"imageType": "png",
						"modification": null,
						"children": [
							{
								"id": "4243104F-0B59-420F-BD5F-948E65BBC340",
								"name": "Color2",
								"maskFrame": null,
								"layerFrame": {
									"x": 192,
									"y": 277,
									"width": 188,
									"height": 72
								},
								"image": {
									"path": "images/4243104F-0B59-420F-BD5F-948E65BBC340.png",
									"frame": {
										"x": 192,
										"y": 277,
										"width": 188,
										"height": 72
									}
								},
								"imageType": "png",
								"modification": null,
								"children": [],
								"visible": true
							},
							{
								"id": "C970FCF5-08B3-466E-A33C-C1CBFF1E892D",
								"name": "BW2",
								"maskFrame": null,
								"layerFrame": {
									"x": 192,
									"y": 277,
									"width": 188,
									"height": 72
								},
								"image": {
									"path": "images/C970FCF5-08B3-466E-A33C-C1CBFF1E892D.png",
									"frame": {
										"x": 192,
										"y": 277,
										"width": 188,
										"height": 72
									}
								},
								"imageType": "png",
								"modification": null,
								"children": [],
								"visible": true
							}
						],
						"visible": true
					},
					{
						"id": "BA1B48C6-80AD-4321-9A76-AD333903B8A9",
						"name": "Album3",
						"maskFrame": null,
						"layerFrame": {
							"x": 0,
							"y": 353,
							"width": 188,
							"height": 260
						},
						"image": {
							"path": "images/BA1B48C6-80AD-4321-9A76-AD333903B8A9.png",
							"frame": {
								"x": 0,
								"y": 353,
								"width": 188,
								"height": 260
							}
						},
						"imageType": "png",
						"modification": null,
						"children": [
							{
								"id": "8C57F649-47BD-4806-BD56-21B2B1AADECA",
								"name": "Color3",
								"maskFrame": null,
								"layerFrame": {
									"x": 0,
									"y": 541,
									"width": 188,
									"height": 72
								},
								"image": {
									"path": "images/8C57F649-47BD-4806-BD56-21B2B1AADECA.png",
									"frame": {
										"x": 0,
										"y": 541,
										"width": 188,
										"height": 72
									}
								},
								"imageType": "png",
								"modification": null,
								"children": [],
								"visible": true
							},
							{
								"id": "15DDA354-3BA1-4B42-9D83-63C6181EF84F",
								"name": "BW3",
								"maskFrame": null,
								"layerFrame": {
									"x": 0,
									"y": 541,
									"width": 188,
									"height": 72
								},
								"image": {
									"path": "images/15DDA354-3BA1-4B42-9D83-63C6181EF84F.png",
									"frame": {
										"x": 0,
										"y": 541,
										"width": 188,
										"height": 72
									}
								},
								"imageType": "png",
								"modification": null,
								"children": [],
								"visible": true
							}
						],
						"visible": true
					},
					{
						"id": "E28F9F3C-6B15-4583-BD75-E4E9A4BB7B8F",
						"name": "Album4",
						"maskFrame": null,
						"layerFrame": {
							"x": 192,
							"y": 353,
							"width": 188,
							"height": 260
						},
						"image": {
							"path": "images/E28F9F3C-6B15-4583-BD75-E4E9A4BB7B8F.png",
							"frame": {
								"x": 192,
								"y": 353,
								"width": 188,
								"height": 260
							}
						},
						"imageType": "png",
						"modification": null,
						"children": [
							{
								"id": "B9E4315E-173C-4DF1-8593-79B119E4C291",
								"name": "Color4",
								"maskFrame": null,
								"layerFrame": {
									"x": 192,
									"y": 541,
									"width": 188,
									"height": 72
								},
								"image": {
									"path": "images/B9E4315E-173C-4DF1-8593-79B119E4C291.png",
									"frame": {
										"x": 192,
										"y": 541,
										"width": 188,
										"height": 72
									}
								},
								"imageType": "png",
								"modification": null,
								"children": [],
								"visible": true
							},
							{
								"id": "CB0B67C7-46E3-4187-B9EE-C69CD58C46E3",
								"name": "BW4",
								"maskFrame": null,
								"layerFrame": {
									"x": 192,
									"y": 541,
									"width": 188,
									"height": 72
								},
								"image": {
									"path": "images/CB0B67C7-46E3-4187-B9EE-C69CD58C46E3.png",
									"frame": {
										"x": 192,
										"y": 541,
										"width": 188,
										"height": 72
									}
								},
								"imageType": "png",
								"modification": null,
								"children": [],
								"visible": true
							}
						],
						"visible": true
					},
					{
						"id": "CA2DE439-E365-4A85-9312-D820C1102792",
						"name": "Album5",
						"maskFrame": null,
						"layerFrame": {
							"x": 0,
							"y": 617,
							"width": 188,
							"height": 188
						},
						"image": {
							"path": "images/CA2DE439-E365-4A85-9312-D820C1102792.png",
							"frame": {
								"x": 0,
								"y": 617,
								"width": 188,
								"height": 188
							}
						},
						"imageType": "png",
						"modification": null,
						"children": [],
						"visible": true
					},
					{
						"id": "146A37FA-01CB-4B38-9DFF-FA35771CB418",
						"name": "Album6",
						"maskFrame": null,
						"layerFrame": {
							"x": 192,
							"y": 617,
							"width": 188,
							"height": 188
						},
						"image": {
							"path": "images/146A37FA-01CB-4B38-9DFF-FA35771CB418.png",
							"frame": {
								"x": 192,
								"y": 617,
								"width": 188,
								"height": 188
							}
						},
						"imageType": "png",
						"modification": null,
						"children": [],
						"visible": true
					}
				],
				"visible": true
			},
			{
				"id": "94A9AEA8-CB39-492D-B28E-4C0C738DAF40",
				"name": "Background",
				"maskFrame": null,
				"layerFrame": {
					"x": 0,
					"y": 0,
					"width": 380,
					"height": 679
				},
				"image": {
					"path": "images/94A9AEA8-CB39-492D-B28E-4C0C738DAF40.png",
					"frame": {
						"x": 0,
						"y": 0,
						"width": 380,
						"height": 679
					}
				},
				"imageType": "png",
				"modification": null,
				"children": [],
				"visible": true
			}
		],
		"visible": true
	}
]