[
  {
    "maskFrame" : null,
    "visible" : true,
    "id" : "250B1DD3-CF05-4EF7-B3CA-E39C3FE07771",
    "children" : [
      {
        "maskFrame" : null,
        "visible" : true,
        "id" : "A19DF3CF-79E5-457E-9874-FEBE9683D952",
        "children" : [

        ],
        "image" : {
          "path" : "images\/StatusBar-A19DF3CF-79E5-457E-9874-FEBE9683D952.png",
          "frame" : {
            "y" : 4,
            "x" : 266,
            "width" : 106,
            "height" : 16
          }
        },
        "imageType" : "png",
        "layerFrame" : {
          "y" : 4,
          "x" : 266,
          "width" : 106,
          "height" : 16
        },
        "name" : "StatusBar"
      },
      {
        "maskFrame" : null,
        "visible" : true,
        "id" : "BE77AE39-C832-44E6-A0C8-3DD3F5887307",
        "children" : [

        ],
        "image" : {
          "path" : "images\/ActionBar-BE77AE39-C832-44E6-A0C8-3DD3F5887307.png",
          "frame" : {
            "y" : 630,
            "x" : 0,
            "width" : 380,
            "height" : 50
          }
        },
        "imageType" : "png",
        "layerFrame" : {
          "y" : 630,
          "x" : 0,
          "width" : 380,
          "height" : 50
        },
        "name" : "ActionBar"
      },
      {
        "maskFrame" : null,
        "visible" : true,
        "id" : "6C7E393D-8BB7-4583-B912-49C4B33378CB",
        "children" : [

        ],
        "image" : {
          "path" : "images\/NavigationBar-6C7E393D-8BB7-4583-B912-49C4B33378CB.png",
          "frame" : {
            "y" : 42,
            "x" : 21,
            "width" : 338,
            "height" : 25
          }
        },
        "imageType" : "png",
        "layerFrame" : {
          "y" : 42,
          "x" : 21,
          "width" : 338,
          "height" : 25
        },
        "name" : "NavigationBar"
      },
      {
        "maskFrame" : null,
        "visible" : true,
        "id" : "E4CBE2AC-7F60-4964-BB62-5662383DB411",
        "children" : [
          {
            "maskFrame" : null,
            "visible" : true,
            "id" : "32BD5B1C-12C2-4EFC-98DF-344A2B17AD28",
            "children" : [

            ],
            "image" : {
              "path" : "images\/Color1-32BD5B1C-12C2-4EFC-98DF-344A2B17AD28.png",
              "frame" : {
                "y" : 277,
                "x" : 0,
                "width" : 188,
                "height" : 72
              }
            },
            "imageType" : "png",
            "layerFrame" : {
              "y" : 277,
              "x" : 0,
              "width" : 188,
              "height" : 72
            },
            "name" : "Color1"
          },
          {
            "maskFrame" : null,
            "visible" : true,
            "id" : "BCD0CDDE-D74A-4703-B4C7-D5CD60A33F9C",
            "children" : [

            ],
            "image" : {
              "path" : "images\/BW1-BCD0CDDE-D74A-4703-B4C7-D5CD60A33F9C.png",
              "frame" : {
                "y" : 277,
                "x" : 0,
                "width" : 188,
                "height" : 72
              }
            },
            "imageType" : "png",
            "layerFrame" : {
              "y" : 277,
              "x" : 0,
              "width" : 188,
              "height" : 72
            },
            "name" : "BW1"
          }
        ],
        "image" : {
          "path" : "images\/Album1-E4CBE2AC-7F60-4964-BB62-5662383DB411.png",
          "frame" : {
            "y" : 89,
            "x" : 0,
            "width" : 188,
            "height" : 260
          }
        },
        "imageType" : "png",
        "layerFrame" : {
          "y" : 89,
          "x" : 0,
          "width" : 188,
          "height" : 260
        },
        "name" : "Album1"
      },
      {
        "maskFrame" : null,
        "visible" : true,
        "id" : "9FAD149A-6CC2-4589-B69C-AC3155D14F72",
        "children" : [
          {
            "maskFrame" : null,
            "visible" : true,
            "id" : "4243104F-0B59-420F-BD5F-948E65BBC340",
            "children" : [

            ],
            "image" : {
              "path" : "images\/Color2-4243104F-0B59-420F-BD5F-948E65BBC340.png",
              "frame" : {
                "y" : 277,
                "x" : 192,
                "width" : 188,
                "height" : 72
              }
            },
            "imageType" : "png",
            "layerFrame" : {
              "y" : 277,
              "x" : 192,
              "width" : 188,
              "height" : 72
            },
            "name" : "Color2"
          },
          {
            "maskFrame" : null,
            "visible" : true,
            "id" : "C970FCF5-08B3-466E-A33C-C1CBFF1E892D",
            "children" : [

            ],
            "image" : {
              "path" : "images\/BW2-C970FCF5-08B3-466E-A33C-C1CBFF1E892D.png",
              "frame" : {
                "y" : 277,
                "x" : 192,
                "width" : 188,
                "height" : 72
              }
            },
            "imageType" : "png",
            "layerFrame" : {
              "y" : 277,
              "x" : 192,
              "width" : 188,
              "height" : 72
            },
            "name" : "BW2"
          }
        ],
        "image" : {
          "path" : "images\/Album2-9FAD149A-6CC2-4589-B69C-AC3155D14F72.png",
          "frame" : {
            "y" : 89,
            "x" : 192,
            "width" : 188,
            "height" : 260
          }
        },
        "imageType" : "png",
        "layerFrame" : {
          "y" : 89,
          "x" : 192,
          "width" : 188,
          "height" : 260
        },
        "name" : "Album2"
      },
      {
        "maskFrame" : null,
        "visible" : true,
        "id" : "BA1B48C6-80AD-4321-9A76-AD333903B8A9",
        "children" : [
          {
            "maskFrame" : null,
            "visible" : true,
            "id" : "8C57F649-47BD-4806-BD56-21B2B1AADECA",
            "children" : [

            ],
            "image" : {
              "path" : "images\/Color3-8C57F649-47BD-4806-BD56-21B2B1AADECA.png",
              "frame" : {
                "y" : 541,
                "x" : 0,
                "width" : 188,
                "height" : 72
              }
            },
            "imageType" : "png",
            "layerFrame" : {
              "y" : 541,
              "x" : 0,
              "width" : 188,
              "height" : 72
            },
            "name" : "Color3"
          },
          {
            "maskFrame" : null,
            "visible" : true,
            "id" : "15DDA354-3BA1-4B42-9D83-63C6181EF84F",
            "children" : [

            ],
            "image" : {
              "path" : "images\/BW3-15DDA354-3BA1-4B42-9D83-63C6181EF84F.png",
              "frame" : {
                "y" : 541,
                "x" : 0,
                "width" : 188,
                "height" : 72
              }
            },
            "imageType" : "png",
            "layerFrame" : {
              "y" : 541,
              "x" : 0,
              "width" : 188,
              "height" : 72
            },
            "name" : "BW3"
          }
        ],
        "image" : {
          "path" : "images\/Album3-BA1B48C6-80AD-4321-9A76-AD333903B8A9.png",
          "frame" : {
            "y" : 353,
            "x" : 0,
            "width" : 188,
            "height" : 260
          }
        },
        "imageType" : "png",
        "layerFrame" : {
          "y" : 353,
          "x" : 0,
          "width" : 188,
          "height" : 260
        },
        "name" : "Album3"
      },
      {
        "maskFrame" : null,
        "visible" : true,
        "id" : "E28F9F3C-6B15-4583-BD75-E4E9A4BB7B8F",
        "children" : [
          {
            "maskFrame" : null,
            "visible" : true,
            "id" : "B9E4315E-173C-4DF1-8593-79B119E4C291",
            "children" : [

            ],
            "image" : {
              "path" : "images\/Color4-B9E4315E-173C-4DF1-8593-79B119E4C291.png",
              "frame" : {
                "y" : 541,
                "x" : 192,
                "width" : 188,
                "height" : 72
              }
            },
            "imageType" : "png",
            "layerFrame" : {
              "y" : 541,
              "x" : 192,
              "width" : 188,
              "height" : 72
            },
            "name" : "Color4"
          },
          {
            "maskFrame" : null,
            "visible" : true,
            "id" : "CB0B67C7-46E3-4187-B9EE-C69CD58C46E3",
            "children" : [

            ],
            "image" : {
              "path" : "images\/BW4-CB0B67C7-46E3-4187-B9EE-C69CD58C46E3.png",
              "frame" : {
                "y" : 541,
                "x" : 192,
                "width" : 188,
                "height" : 72
              }
            },
            "imageType" : "png",
            "layerFrame" : {
              "y" : 541,
              "x" : 192,
              "width" : 188,
              "height" : 72
            },
            "name" : "BW4"
          }
        ],
        "image" : {
          "path" : "images\/Album4-E28F9F3C-6B15-4583-BD75-E4E9A4BB7B8F.png",
          "frame" : {
            "y" : 353,
            "x" : 192,
            "width" : 188,
            "height" : 260
          }
        },
        "imageType" : "png",
        "layerFrame" : {
          "y" : 353,
          "x" : 192,
          "width" : 188,
          "height" : 260
        },
        "name" : "Album4"
      },
      {
        "maskFrame" : null,
        "visible" : true,
        "id" : "CA2DE439-E365-4A85-9312-D820C1102792",
        "children" : [

        ],
        "image" : {
          "path" : "images\/Album5-CA2DE439-E365-4A85-9312-D820C1102792.png",
          "frame" : {
            "y" : 617,
            "x" : 0,
            "width" : 188,
            "height" : 188
          }
        },
        "imageType" : "png",
        "layerFrame" : {
          "y" : 617,
          "x" : 0,
          "width" : 188,
          "height" : 188
        },
        "name" : "Album5"
      },
      {
        "maskFrame" : null,
        "visible" : true,
        "id" : "146A37FA-01CB-4B38-9DFF-FA35771CB418",
        "children" : [

        ],
        "image" : {
          "path" : "images\/Album6-146A37FA-01CB-4B38-9DFF-FA35771CB418.png",
          "frame" : {
            "y" : 617,
            "x" : 192,
            "width" : 188,
            "height" : 188
          }
        },
        "imageType" : "png",
        "layerFrame" : {
          "y" : 617,
          "x" : 192,
          "width" : 188,
          "height" : 188
        },
        "name" : "Album6"
      },
      {
        "maskFrame" : null,
        "visible" : true,
        "id" : "94A9AEA8-CB39-492D-B28E-4C0C738DAF40",
        "children" : [

        ],
        "image" : {
          "path" : "images\/Background-94A9AEA8-CB39-492D-B28E-4C0C738DAF40.png",
          "frame" : {
            "y" : 0,
            "x" : 0,
            "width" : 380,
            "height" : 679
          }
        },
        "imageType" : "png",
        "layerFrame" : {
          "y" : 0,
          "x" : 0,
          "width" : 380,
          "height" : 679
        },
        "name" : "Background"
      }
    ],
    "image" : {
      "path" : "images\/View-250B1DD3-CF05-4EF7-B3CA-E39C3FE07771.png",
      "frame" : {
        "y" : 0,
        "x" : 0,
        "width" : 380,
        "height" : 680
      }
    },
    "imageType" : "png",
    "layerFrame" : {
      "y" : 0,
      "x" : 0,
      "width" : 380,
      "height" : 680
    },
    "name" : "View"
  }
]