[
  {
    "maskFrame" : {
      "y" : 0,
      "x" : 0,
      "width" : 750,
      "height" : 1334
    },
    "id" : "467D259F-657A-4BEC-B60C-B8649B3A5542",
    "visible" : true,
    "children" : [
      {
        "maskFrame" : null,
        "id" : "EB690C5E-0574-4D34-9583-97DD21965752",
        "visible" : true,
        "children" : [

        ],
        "image" : {
          "path" : "images\/Layer-bar-EB690C5E-0574-4D34-9583-97DD21965752.png",
          "frame" : {
            "y" : 1330,
            "x" : 0,
            "width" : 750,
            "height" : 4
          }
        },
        "imageType" : "png",
        "layerFrame" : {
          "y" : 1330,
          "x" : 0,
          "width" : 750,
          "height" : 4
        },
        "name" : "bar"
      },
      {
        "maskFrame" : null,
        "id" : "A86820BD-4D5F-44EF-AEBB-21FEEF30391A",
        "visible" : true,
        "children" : [

        ],
        "image" : {
          "path" : "images\/Layer-statusBar-A86820BD-4D5F-44EF-AEBB-21FEEF30391A.png",
          "frame" : {
            "y" : 0,
            "x" : 0,
            "width" : 750,
            "height" : 40
          }
        },
        "imageType" : "png",
        "layerFrame" : {
          "y" : 0,
          "x" : 0,
          "width" : 750,
          "height" : 40
        },
        "name" : "statusBar"
      },
      {
        "maskFrame" : null,
        "id" : "EA2E254D-4F05-45F5-B120-33C145CE7923",
        "visible" : true,
        "children" : [

        ],
        "image" : {
          "path" : "images\/Layer-navBar-EA2E254D-4F05-45F5-B120-33C145CE7923.png",
          "frame" : {
            "y" : 0,
            "x" : 0,
            "width" : 750,
            "height" : 130
          }
        },
        "imageType" : "png",
        "layerFrame" : {
          "y" : 0,
          "x" : 0,
          "width" : 750,
          "height" : 130
        },
        "name" : "navBar"
      },
      {
        "maskFrame" : {
          "y" : 29,
          "x" : -100,
          "width" : 950,
          "height" : 950
        },
        "id" : "DB8FE02F-C336-4163-9A85-4B06680BB370",
        "visible" : false,
        "children" : [

        ],
        "image" : {
          "path" : "images\/Layer-photo-DB8FE02F-C336-4163-9A85-4B06680BB370.png",
          "frame" : {
            "y" : 29,
            "x" : -100,
            "width" : 950,
            "height" : 950
          }
        },
        "imageType" : "png",
        "layerFrame" : {
          "y" : 29,
          "x" : -100,
          "width" : 950,
          "height" : 950
        },
        "name" : "photo"
      },
      {
        "maskFrame" : null,
        "id" : "C7F707CA-04FE-4EE4-995E-06B68173F067",
        "visible" : true,
        "children" : [
          {
            "maskFrame" : null,
            "id" : "5E358598-E973-4248-B288-BE3F2F2C02C1",
            "visible" : true,
            "children" : [

            ],
            "image" : {
              "path" : "images\/Layer-iconAlbums-5E358598-E973-4248-B288-BE3F2F2C02C1.png",
              "frame" : {
                "y" : 912,
                "x" : 590,
                "width" : 56,
                "height" : 49
              }
            },
            "imageType" : "png",
            "layerFrame" : {
              "y" : 912,
              "x" : 590,
              "width" : 56,
              "height" : 49
            },
            "name" : "iconAlbums"
          },
          {
            "maskFrame" : null,
            "id" : "63CB48BD-ED6A-4CF2-809E-50E593D17396",
            "visible" : true,
            "children" : [

            ],
            "image" : {
              "path" : "images\/Layer-iconEdit-63CB48BD-ED6A-4CF2-809E-50E593D17396.png",
              "frame" : {
                "y" : 914,
                "x" : 346,
                "width" : 57,
                "height" : 46
              }
            },
            "imageType" : "png",
            "layerFrame" : {
              "y" : 914,
              "x" : 346,
              "width" : 57,
              "height" : 46
            },
            "name" : "iconEdit"
          },
          {
            "maskFrame" : null,
            "id" : "F79F21BE-BF0C-42B6-99E2-9DAB0FA42D53",
            "visible" : true,
            "children" : [

            ],
            "image" : {
              "path" : "images\/Layer-iconFilters-F79F21BE-BF0C-42B6-99E2-9DAB0FA42D53.png",
              "frame" : {
                "y" : 914,
                "x" : 104,
                "width" : 57,
                "height" : 46
              }
            },
            "imageType" : "png",
            "layerFrame" : {
              "y" : 914,
              "x" : 104,
              "width" : 57,
              "height" : 46
            },
            "name" : "iconFilters"
          }
        ],
        "image" : {
          "path" : "images\/Layer-tabBar-C7F707CA-04FE-4EE4-995E-06B68173F067.png",
          "frame" : {
            "y" : 879,
            "x" : 0,
            "width" : 750,
            "height" : 115
          }
        },
        "imageType" : "png",
        "layerFrame" : {
          "y" : 879,
          "x" : 0,
          "width" : 750,
          "height" : 115
        },
        "name" : "tabBar"
      },
      {
        "maskFrame" : null,
        "id" : "83F22667-7DD1-49B9-A837-8CDF485E15E4",
        "visible" : true,
        "children" : [
          {
            "maskFrame" : null,
            "id" : "D0BFEB3C-C5A7-4C3F-BDDE-B7D3C536F22E",
            "visible" : true,
            "children" : [
              {
                "maskFrame" : {
                  "y" : 1042,
                  "x" : 511,
                  "width" : 207,
                  "height" : 207
                },
                "id" : "FCD7F60F-3FFD-4C36-A4D5-0C011F64EFF8",
                "visible" : true,
                "children" : [

                ],
                "image" : {
                  "path" : "images\/Layer-photo-FCD7F60F-3FFD-4C36-A4D5-0C011F64EFF8.png",
                  "frame" : {
                    "y" : 1037,
                    "x" : 501,
                    "width" : 227,
                    "height" : 227
                  }
                },
                "imageType" : "png",
                "layerFrame" : {
                  "y" : 1037,
                  "x" : 501,
                  "width" : 227,
                  "height" : 227
                },
                "name" : "photo"
              }
            ],
            "image" : {
              "path" : "images\/Layer-03-D0BFEB3C-C5A7-4C3F-BDDE-B7D3C536F22E.png",
              "frame" : {
                "y" : 1037,
                "x" : 501,
                "width" : 227,
                "height" : 262
              }
            },
            "imageType" : "png",
            "layerFrame" : {
              "y" : 1037,
              "x" : 501,
              "width" : 227,
              "height" : 262
            },
            "name" : "layer03"
          },
          {
            "maskFrame" : null,
            "id" : "D4D93B78-AD4C-457E-A69F-4866F6AB081B",
            "visible" : true,
            "children" : [
              {
                "maskFrame" : {
                  "y" : 1042,
                  "x" : 272,
                  "width" : 207,
                  "height" : 207
                },
                "id" : "2F3BDB67-381F-4FAB-9828-F00E708815F7",
                "visible" : true,
                "children" : [

                ],
                "image" : {
                  "path" : "images\/Layer-photo-2F3BDB67-381F-4FAB-9828-F00E708815F7.png",
                  "frame" : {
                    "y" : 1037,
                    "x" : 262,
                    "width" : 227,
                    "height" : 227
                  }
                },
                "imageType" : "png",
                "layerFrame" : {
                  "y" : 1037,
                  "x" : 262,
                  "width" : 227,
                  "height" : 227
                },
                "name" : "photo"
              }
            ],
            "image" : {
              "path" : "images\/Layer-02-D4D93B78-AD4C-457E-A69F-4866F6AB081B.png",
              "frame" : {
                "y" : 1037,
                "x" : 262,
                "width" : 227,
                "height" : 262
              }
            },
            "imageType" : "png",
            "layerFrame" : {
              "y" : 1037,
              "x" : 262,
              "width" : 227,
              "height" : 262
            },
            "name" : "layer02"
          },
          {
            "maskFrame" : null,
            "id" : "4E0C9C97-19A4-4206-AB50-D9D69827542B",
            "visible" : true,
            "children" : [
              {
                "maskFrame" : {
                  "y" : 1042,
                  "x" : 32,
                  "width" : 207,
                  "height" : 207
                },
                "id" : "0ECCF236-79F1-428D-AE42-D60C638DD9B9",
                "visible" : true,
                "children" : [

                ],
                "image" : {
                  "path" : "images\/Layer-photo-0ECCF236-79F1-428D-AE42-D60C638DD9B9.png",
                  "frame" : {
                    "y" : 1037,
                    "x" : 22,
                    "width" : 227,
                    "height" : 227
                  }
                },
                "imageType" : "png",
                "layerFrame" : {
                  "y" : 1037,
                  "x" : 22,
                  "width" : 227,
                  "height" : 227
                },
                "name" : "photo"
              }
            ],
            "image" : {
              "path" : "images\/Layer-01-4E0C9C97-19A4-4206-AB50-D9D69827542B.png",
              "frame" : {
                "y" : 1037,
                "x" : 22,
                "width" : 227,
                "height" : 262
              }
            },
            "imageType" : "png",
            "layerFrame" : {
              "y" : 1037,
              "x" : 22,
              "width" : 227,
              "height" : 262
            },
            "name" : "layer01"
          }
        ],
        "image" : {
          "path" : "images\/Layer-collection-83F22667-7DD1-49B9-A837-8CDF485E15E4.png",
          "frame" : {
            "y" : 879,
            "x" : 0,
            "width" : 750,
            "height" : 455
          }
        },
        "imageType" : "png",
        "layerFrame" : {
          "y" : 879,
          "x" : 0,
          "width" : 750,
          "height" : 455
        },
        "name" : "collection"
      }
    ],
    "image" : {
      "path" : "images\/Layer-Screen-467D259F-657A-4BEC-B60C-B8649B3A5542.png",
      "frame" : {
        "y" : 0,
        "x" : 0,
        "width" : 750,
        "height" : 1334
      }
    },
    "imageType" : "png",
    "layerFrame" : {
      "y" : 0,
      "x" : 0,
      "width" : 750,
      "height" : 1334
    },
    "name" : "Screen"
  }
]
