[
	{
		"id": 19,
		"name": "bg",
		"layerFrame": {
			"x": 0,
			"y": 0,
			"width": 640,
			"height": 1136
		},
		"maskFrame": null,
		"image": {
			"path": "images/bg.png",
			"frame": {
				"x": 0,
				"y": 0,
				"width": 640,
				"height": 1136
			}
		},
		"imageType": "png",
		"children": [
			
		],
		"modification": "590045692"
	},
	{
		"id": 11,
		"name": "timeline",
		"layerFrame": {
			"x": 0,
			"y": 0,
			"width": 640,
			"height": 1136
		},
		"maskFrame": null,
		"image": {
			"path": "images/timeline.png",
			"frame": {
				"x": 0,
				"y": 128,
				"width": 640,
				"height": 919
			}
		},
		"imageType": "png",
		"children": [
			
		],
		"modification": "304473853"
	},
	{
		"id": 27,
		"name": "refreshControl",
		"layerFrame": {
			"x": 0,
			"y": 0,
			"width": 640,
			"height": 1136
		},
		"maskFrame": null,
		"image": null,
		"imageType": null,
		"children": [
			{
				"id": 25,
				"name": "arrow",
				"layerFrame": {
					"x": 0,
					"y": 0,
					"width": 640,
					"height": 1136
				},
				"maskFrame": null,
				"image": {
					"path": "images/arrow.png",
					"frame": {
						"x": 308,
						"y": 69,
						"width": 24,
						"height": 39
					}
				},
				"imageType": "png",
				"children": [
					
				],
				"modification": "1585210142"
			},
			{
				"id": 13,
				"name": "spinner",
				"layerFrame": {
					"x": 0,
					"y": 0,
					"width": 640,
					"height": 1136
				},
				"maskFrame": null,
				"image": {
					"path": "images/spinner.png",
					"frame": {
						"x": 293,
						"y": 61,
						"width": 54,
						"height": 56
					}
				},
				"imageType": "png",
				"children": [
					
				],
				"modification": "1585210138"
			}
		],
		"modification": "837395570"
	},
	{
		"id": 17,
		"name": "tabbar",
		"layerFrame": {
			"x": 0,
			"y": 0,
			"width": 640,
			"height": 1136
		},
		"maskFrame": null,
		"image": {
			"path": "images/tabbar.png",
			"frame": {
				"x": 0,
				"y": 1047,
				"width": 640,
				"height": 89
			}
		},
		"imageType": "png",
		"children": [
			
		],
		"modification": "2099275293"
	},
	{
		"id": 15,
		"name": "navbar",
		"layerFrame": {
			"x": 0,
			"y": 0,
			"width": 640,
			"height": 1136
		},
		"maskFrame": null,
		"image": {
			"path": "images/navbar.png",
			"frame": {
				"x": 0,
				"y": 0,
				"width": 640,
				"height": 128
			}
		},
		"imageType": "png",
		"children": [
			
		],
		"modification": "690734855"
	}
]