[
  {
    "maskFrame" : null,
    "id" : "1B0C6DC7-B32B-4FC8-8F81-30FA74CBD48E",
    "visible" : true,
    "children" : [
      {
        "maskFrame" : null,
        "id" : "608242BA-98C4-4DAF-A3FD-40391962F35E",
        "visible" : true,
        "children" : [
          {
            "maskFrame" : null,
            "id" : "636C9C3E-83E8-449D-877F-44418F675DC7",
            "visible" : true,
            "children" : [

            ],
            "image" : {
              "path" : "images\/LogoWhite-636C9C3E-83E8-449D-877F-44418F675DC7.png",
              "frame" : {
                "y" : 49,
                "x" : 298,
                "width" : 153,
                "height" : 56
              }
            },
            "imageType" : "png",
            "layerFrame" : {
              "y" : 49,
              "x" : 298,
              "width" : 153,
              "height" : 56
            },
            "name" : "LogoWhite"
          },
          {
            "maskFrame" : null,
            "id" : "7AA52877-D8E6-42D3-883E-03854B958D3E",
            "visible" : true,
            "children" : [
              {
                "maskFrame" : null,
                "id" : "DDA1D773-2CC6-42D7-BA73-FE20DA644598",
                "visible" : true,
                "children" : [

                ],
                "image" : {
                  "path" : "images\/GetStarted-DDA1D773-2CC6-42D7-BA73-FE20DA644598.png",
                  "frame" : {
                    "y" : 1248,
                    "x" : 275,
                    "width" : 200,
                    "height" : 25
                  }
                },
                "imageType" : "png",
                "layerFrame" : {
                  "y" : 1248,
                  "x" : 275,
                  "width" : 200,
                  "height" : 25
                },
                "name" : "GetStarted"
              },
              {
                "maskFrame" : null,
                "id" : "E9870C37-66A8-4026-B9DB-BE231D524915",
                "visible" : true,
                "children" : [

                ],
                "image" : {
                  "path" : "images\/Divider-E9870C37-66A8-4026-B9DB-BE231D524915.png",
                  "frame" : {
                    "y" : 1197,
                    "x" : 0,
                    "width" : 750,
                    "height" : 1
                  }
                },
                "imageType" : "png",
                "layerFrame" : {
                  "y" : 1197,
                  "x" : 0,
                  "width" : 750,
                  "height" : 1
                },
                "name" : "Divider"
              },
              {
                "maskFrame" : null,
                "id" : "0E68C0BE-300D-44B7-80ED-C3C7F4C4C0C9",
                "visible" : true,
                "children" : [

                ],
                "image" : {
                  "path" : "images\/Body-0E68C0BE-300D-44B7-80ED-C3C7F4C4C0C9.png",
                  "frame" : {
                    "y" : 1000,
                    "x" : 60,
                    "width" : 628,
                    "height" : 80
                  }
                },
                "imageType" : "png",
                "layerFrame" : {
                  "y" : 1000,
                  "x" : 60,
                  "width" : 628,
                  "height" : 80
                },
                "name" : "Body"
              },
              {
                "maskFrame" : null,
                "id" : "EEDA0140-6225-4FEC-82D8-644FA4870F54",
                "visible" : true,
                "children" : [

                ],
                "image" : {
                  "path" : "images\/Header-EEDA0140-6225-4FEC-82D8-644FA4870F54.png",
                  "frame" : {
                    "y" : 907,
                    "x" : 254,
                    "width" : 242,
                    "height" : 48
                  }
                },
                "imageType" : "png",
                "layerFrame" : {
                  "y" : 907,
                  "x" : 254,
                  "width" : 242,
                  "height" : 48
                },
                "name" : "Header"
              },
              {
                "maskFrame" : null,
                "id" : "02395036-5664-492C-9660-986889C92FEB",
                "visible" : true,
                "children" : [

                ],
                "image" : {
                  "path" : "images\/WhiteBg-02395036-5664-492C-9660-986889C92FEB.png",
                  "frame" : {
                    "y" : 806,
                    "x" : 0,
                    "width" : 750,
                    "height" : 528
                  }
                },
                "imageType" : "png",
                "layerFrame" : {
                  "y" : 806,
                  "x" : 0,
                  "width" : 750,
                  "height" : 528
                },
                "name" : "WhiteBg"
              }
            ],
            "image" : {
              "path" : "images\/TextArea-7AA52877-D8E6-42D3-883E-03854B958D3E.png",
              "frame" : {
                "y" : 806,
                "x" : 0,
                "width" : 750,
                "height" : 528
              }
            },
            "imageType" : "png",
            "layerFrame" : {
              "y" : 806,
              "x" : 0,
              "width" : 750,
              "height" : 528
            },
            "name" : "TextArea"
          },
          {
            "maskFrame" : null,
            "id" : "84E46A90-8C54-4B06-828A-A045E09B1A42",
            "visible" : true,
            "children" : [

            ],
            "image" : {
              "path" : "images\/BigMic-84E46A90-8C54-4B06-828A-A045E09B1A42.png",
              "frame" : {
                "y" : 271,
                "x" : 105,
                "width" : 144,
                "height" : 149
              }
            },
            "imageType" : "png",
            "layerFrame" : {
              "y" : 271,
              "x" : 105,
              "width" : 144,
              "height" : 149
            },
            "name" : "BigMic"
          },
          {
            "maskFrame" : null,
            "id" : "2E60E854-374A-4740-8456-99B8BD963D15",
            "visible" : true,
            "children" : [
              {
                "maskFrame" : null,
                "id" : "7B869466-4496-49D8-9774-87C3141E662E",
                "visible" : true,
                "children" : [

                ],
                "image" : {
                  "path" : "images\/VoiceGirl-7B869466-4496-49D8-9774-87C3141E662E.png",
                  "frame" : {
                    "y" : 212,
                    "x" : 166,
                    "width" : 416,
                    "height" : 460
                  }
                },
                "imageType" : "png",
                "layerFrame" : {
                  "y" : 212,
                  "x" : 166,
                  "width" : 416,
                  "height" : 460
                },
                "name" : "VoiceGirl"
              },
              {
                "maskFrame" : null,
                "id" : "2F02D563-69E8-405D-A3AE-684993B6EC66",
                "visible" : true,
                "children" : [

                ],
                "image" : {
                  "path" : "images\/LightCircle-2F02D563-69E8-405D-A3AE-684993B6EC66.png",
                  "frame" : {
                    "y" : 252,
                    "x" : 165,
                    "width" : 419,
                    "height" : 419
                  }
                },
                "imageType" : "png",
                "layerFrame" : {
                  "y" : 252,
                  "x" : 165,
                  "width" : 419,
                  "height" : 419
                },
                "name" : "LightCircle"
              }
            ],
            "image" : {
              "path" : "images\/Illustration-2E60E854-374A-4740-8456-99B8BD963D15.png",
              "frame" : {
                "y" : 212,
                "x" : 165,
                "width" : 419,
                "height" : 460
              }
            },
            "imageType" : "png",
            "layerFrame" : {
              "y" : 212,
              "x" : 165,
              "width" : 419,
              "height" : 460
            },
            "name" : "Illustration"
          },
          {
            "maskFrame" : null,
            "id" : "E371B271-40CF-48FB-B575-D640953140F3",
            "visible" : true,
            "children" : [

            ],
            "image" : {
              "path" : "images\/BlueBg-E371B271-40CF-48FB-B575-D640953140F3.png",
              "frame" : {
                "y" : 0,
                "x" : 0,
                "width" : 750,
                "height" : 1334
              }
            },
            "imageType" : "png",
            "layerFrame" : {
              "y" : 0,
              "x" : 0,
              "width" : 750,
              "height" : 1334
            },
            "name" : "BlueBg"
          }
        ],
        "image" : {
          "path" : "images\/FullScreen-608242BA-98C4-4DAF-A3FD-40391962F35E.png",
          "frame" : {
            "y" : 0,
            "x" : 0,
            "width" : 750,
            "height" : 1334
          }
        },
        "imageType" : "png",
        "layerFrame" : {
          "y" : 0,
          "x" : 0,
          "width" : 750,
          "height" : 1334
        },
        "name" : "FullScreen"
      },
      {
        "maskFrame" : null,
        "id" : "B65839A3-158C-4BF5-B360-1E5B6636026C",
        "visible" : true,
        "children" : [
          {
            "maskFrame" : null,
            "id" : "9664023F-C0C6-4683-BCA3-E870981FBDF5",
            "visible" : true,
            "children" : [

            ],
            "image" : {
              "path" : "images\/CloseButton-9664023F-C0C6-4683-BCA3-E870981FBDF5.png",
              "frame" : {
                "y" : 1161,
                "x" : 705,
                "width" : 22,
                "height" : 22
              }
            },
            "imageType" : "png",
            "layerFrame" : {
              "y" : 1161,
              "x" : 705,
              "width" : 22,
              "height" : 22
            },
            "name" : "CloseButton"
          },
          {
            "maskFrame" : null,
            "id" : "065D2F76-836E-4C12-ADDC-90C56F5E0218",
            "visible" : true,
            "children" : [

            ],
            "image" : {
              "path" : "images\/ToutText-065D2F76-836E-4C12-ADDC-90C56F5E0218.png",
              "frame" : {
                "y" : 1201,
                "x" : 214,
                "width" : 387,
                "height" : 81
              }
            },
            "imageType" : "png",
            "layerFrame" : {
              "y" : 1201,
              "x" : 214,
              "width" : 387,
              "height" : 81
            },
            "name" : "ToutText"
          },
          {
            "maskFrame" : null,
            "id" : "9D4D7293-663B-40F6-9241-256C6179AFD4",
            "visible" : true,
            "children" : [

            ],
            "image" : {
              "path" : "images\/ToutBg-9D4D7293-663B-40F6-9241-256C6179AFD4.png",
              "frame" : {
                "y" : 1130,
                "x" : 0,
                "width" : 750,
                "height" : 204
              }
            },
            "imageType" : "png",
            "layerFrame" : {
              "y" : 1130,
              "x" : 0,
              "width" : 750,
              "height" : 204
            },
            "name" : "ToutBg"
          }
        ],
        "image" : {
          "path" : "images\/Tout-B65839A3-158C-4BF5-B360-1E5B6636026C.png",
          "frame" : {
            "y" : 1130,
            "x" : 0,
            "width" : 750,
            "height" : 204
          }
        },
        "imageType" : "png",
        "layerFrame" : {
          "y" : 1130,
          "x" : 0,
          "width" : 750,
          "height" : 204
        },
        "name" : "Tout"
      },
      {
        "maskFrame" : null,
        "id" : "C6EDBB76-AA38-43C7-8A5A-D5982398A622",
        "visible" : true,
        "children" : [
          {
            "maskFrame" : null,
            "id" : "5FB8EBF2-71BE-4213-856F-8B1398D2BD1A",
            "visible" : true,
            "children" : [
              {
                "maskFrame" : null,
                "id" : "CD87E0AB-E822-4F11-90B1-90C1493D27A3",
                "visible" : true,
                "children" : [

                ],
                "image" : {
                  "path" : "images\/multitasking-CD87E0AB-E822-4F11-90B1-90C1493D27A3.png",
                  "frame" : {
                    "y" : 40,
                    "x" : 670,
                    "width" : 48,
                    "height" : 32
                  }
                },
                "imageType" : "png",
                "layerFrame" : {
                  "y" : 40,
                  "x" : 670,
                  "width" : 48,
                  "height" : 32
                },
                "name" : "multitasking"
              }
            ],
            "image" : {
              "path" : "images\/Top-5FB8EBF2-71BE-4213-856F-8B1398D2BD1A.png",
              "frame" : {
                "y" : 36,
                "x" : 36,
                "width" : 682,
                "height" : 40
              }
            },
            "imageType" : "png",
            "layerFrame" : {
              "y" : 36,
              "x" : 36,
              "width" : 682,
              "height" : 40
            },
            "name" : "Top"
          },
          {
            "maskFrame" : null,
            "id" : "C8EEC57C-0ADA-45EC-AA54-0CFDEBECDA93",
            "visible" : true,
            "children" : [

            ],
            "image" : {
              "path" : "images\/SearchBox-C8EEC57C-0ADA-45EC-AA54-0CFDEBECDA93.png",
              "frame" : {
                "y" : 558,
                "x" : 28,
                "width" : 694,
                "height" : 104
              }
            },
            "imageType" : "png",
            "layerFrame" : {
              "y" : 558,
              "x" : 28,
              "width" : 694,
              "height" : 104
            },
            "name" : "SearchBox"
          },
          {
            "maskFrame" : null,
            "id" : "0041E63A-1D3A-4ABD-9116-0B1E91022ECC",
            "visible" : true,
            "children" : [

            ],
            "image" : {
              "path" : "images\/Mic-0041E63A-1D3A-4ABD-9116-0B1E91022ECC.png",
              "frame" : {
                "y" : 826,
                "x" : 299,
                "width" : 152,
                "height" : 152
              }
            },
            "imageType" : "png",
            "layerFrame" : {
              "y" : 826,
              "x" : 299,
              "width" : 152,
              "height" : 152
            },
            "name" : "Mic"
          },
          {
            "maskFrame" : null,
            "id" : "E9824875-E9F4-4896-8769-CB3749B7CD3E",
            "visible" : true,
            "children" : [

            ],
            "image" : {
              "path" : "images\/Logo-E9824875-E9F4-4896-8769-CB3749B7CD3E.png",
              "frame" : {
                "y" : 403,
                "x" : 197,
                "width" : 358,
                "height" : 123
              }
            },
            "imageType" : "png",
            "layerFrame" : {
              "y" : 403,
              "x" : 197,
              "width" : 358,
              "height" : 123
            },
            "name" : "Logo"
          },
          {
            "maskFrame" : null,
            "id" : "C8BD73D9-B188-419E-AD6A-EB81A4B47254",
            "visible" : true,
            "children" : [

            ],
            "image" : {
              "path" : "images\/GrayBackground-C8BD73D9-B188-419E-AD6A-EB81A4B47254.png",
              "frame" : {
                "y" : 0,
                "x" : 0,
                "width" : 750,
                "height" : 1334
              }
            },
            "imageType" : "png",
            "layerFrame" : {
              "y" : 0,
              "x" : 0,
              "width" : 750,
              "height" : 1334
            },
            "name" : "GrayBackground"
          }
        ],
        "image" : {
          "path" : "images\/Home-C6EDBB76-AA38-43C7-8A5A-D5982398A622.png",
          "frame" : {
            "y" : 0,
            "x" : 0,
            "width" : 750,
            "height" : 1334
          }
        },
        "imageType" : "png",
        "layerFrame" : {
          "y" : 0,
          "x" : 0,
          "width" : 750,
          "height" : 1334
        },
        "name" : "Home"
      }
    ],
    "image" : {
      "path" : "images\/VoiceOnboarding-1B0C6DC7-B32B-4FC8-8F81-30FA74CBD48E.png",
      "frame" : {
        "y" : 0,
        "x" : 0,
        "width" : 750,
        "height" : 1334
      }
    },
    "imageType" : "png",
    "layerFrame" : {
      "y" : 0,
      "x" : 0,
      "width" : 750,
      "height" : 1334
    },
    "name" : "VoiceOnboarding"
  }
]